sku,desc,wholesale_cost,dims_cm
"PET0002","Wet Cat Food, Tuna & Tuna",0.89,16.1|5.5|3.2
"PET0006","Vegan Adult Cat Food, Chicken & Chicken",1.41,19.9|16.9|0.3
"PET0019","Dry Senior Cat Food, Tuna & Tuna",0.89,18.6|8.7|7.2
"PET0023","Gluten-free Cat Food, Beef & Beef",1.47,17.4|4.4|4.0
"PET0027","Wet Adult Cat Food, Tuna & Tuna",1.03,14.3|14.3|3.0
"COL0037","Noah's Jewelry (green)",28.32,17.4|11.2|5.7
"COL0041","Noah's Ark Model (HO Scale)",2487.35,7.2|4.3|0.4
"DLI0045","Dilled Egg Sandwich",0.97,19.1|17.3|5.3
"COL0065","Noah's Jewelry (mauve)",33.52,19.0|12.2|10.5
"PET0069","Vegan Cat Food, Salmon & Salmon",1.48,18.9|13.5|9.7
"PET0084","Gluten-free Cat Food, Duck & Duck",1.52,15.3|9.7|1.0
"PET0095","Dry Senior Cat Food, Pumpkin & Pumpkin",0.81,18.2|9.2|4.4
"PET0102","Wet Adult Cat Food, Salmon & Salmon",0.99,15.2|2.3|0.2
"TOY0113","Vintage Toy Soldier",16.42,11.7|5.7|5.7
"TOY0127","Mechanical Dreidel",2.80,18.1|7.2|4.0
"PET0129","Vegan Senior Cat Food, Turkey & Turkey",1.41,19.6|12.8|0.3
"PET0143","Gluten-free Adult Cat Food, Shrimp & Shrimp",1.52,15.8|13.4|7.7
"TOY0144","Electric Hebrew Blocks",3.40,12.8|12.6|6.9
"PET0146","Vegan Cat Food, Turkey & Turkey",1.67,14.3|10.9|10.6
"PET0153","Dry Senior Cat Food, Tuna & Tuna",0.99,11.4|8.1|6.1
"PET0159","Gluten-free Adult Cat Food, Tuna & Tuna",1.43,20.0|6.6|5.8
"COL0166","Noah's Action Figure (blue)",13.98,12.1|7.7|7.2
"COL0167","Noah's Bobblehead (blue)",5.36,8.9|5.6|0.6
"PET0181","Senior Mouse Food",0.56,15.8|11.3|5.9
"PET0189","Gluten-free Adult Cat Food, Tuna & Tuna",1.56,17.8|16.2|7.1
"TOY0192","Mini Hebrew Blocks",2.72,13.7|13.5|4.3
"PET0196","Dry Senior Cat Food, Shrimp & Shrimp",1.12,17.9|5.5|3.4
"PET0220","Vegan Cat Food, Turkey & Turkey",1.45,17.2|11.2|11.1
"TOY0224","Toy Stickers",0.75,19.1|17.1|11.5
"DLI0251","Smoked Salmon Salad",1.02,8.6|7.5|1.5
"TOY0271","Mechanical Hebrew Blocks",2.82,3.7|1.0|0.9
"PET0272","Cat",1.17,14.1|9.5|6.5
"PET0288","Dry Senior Cat Food, Turkey & Turkey",1.03,17.7|9.8|6.8
"PET0293","Vegan Cat Food, Tuna & Tuna",1.50,16.9|13.9|9.5
"TOY0293","Noah's Yoyo",5.10,15.2|14.8|12.9
"PET0299","Dry Cat Food, Salmon & Salmon",0.89,6.9|2.8|1.1
"PET0302","Wet Cat Food, Pumpkin & Pumpkin",0.85,13.6|9.0|2.0
"PET0304","Wet Adult Cat Food, Turkey & Turkey",0.99,19.9|5.1|1.0
"PET0305","Vegan Cat Food, Duck & Duck",1.44,10.2|3.5|2.1
"PET0320","Vegan Cat Food, Duck & Duck",1.49,15.3|7.9|2.1
"PET0327","Gluten-free Senior Cat Food, Pumpkin & Pumpkin",1.58,15.2|8.3|4.4
"PET0334","Dry Adult Cat Food, Shrimp & Shrimp",0.80,17.3|14.2|7.8
"PET0341","Vegan Adult Cat Food, Chicken & Chicken",1.35,19.1|7.6|6.5
"PET0355","Dry Cat Food, Chicken & Chicken",0.99,15.5|9.0|7.7
"PET0357","Vegan Cat Food, Tuna & Tuna",1.53,8.9|7.3|0.5
"PET0361","Gluten-free Cat Food, Tuna & Tuna",1.60,14.7|14.2|5.3
"PET0365","Adult Rabbit Food",1.87,15.4|14.9|2.6
"PET0367","Dry Cat Food, Duck & Duck",0.95,16.0|8.2|3.7
"PET0369","Gluten-free Adult Cat Food, Tuna & Tuna",1.29,16.0|13.6|5.8
"PET0373","Gluten-free Adult Cat Food, Shrimp & Shrimp",1.50,19.6|11.6|7.1
"TOY0378","Noah's Silly Bandz",3.10,17.1|13.4|2.4
"PET0389","Vegan Adult Cat Food, Turkey & Turkey",1.36,19.9|9.9|5.1
"TOY0395","Star Wars Ball",6.15,12.5|8.7|5.8
"PET0400","Dry Adult Cat Food, Chicken & Chicken",0.97,15.5|7.0|5.3
"PET0406","Wet Senior Cat Food, Salmon & Salmon",1.17,10.3|9.5|4.1
"TOY0410","Mega Dreidel",3.33,10.7|10.1|0.6
"PET0411","Dry Adult Cat Food, Shrimp & Shrimp",0.89,9.9|3.8|0.5
"PET0417","Gluten-free Adult Cat Food, Beef & Beef",1.57,7.6|5.3|2.2
"PET0429","Senior Hedgehog Food",0.90,2.9|2.5|0.7
"TOY0444","Super Airplane",9.95,16.2|13.9|11.5
"PET0458","Wet Cat Food, Shrimp & Shrimp",0.86,17.7|7.8|4.9
"TOY0467","Transformers Dreidel",4.36,19.0|16.1|12.8
"PET0473","Wet Senior Cat Food, Turkey & Turkey",0.96,17.1|13.6|10.0
"PET0478","Vegan Senior Cat Food, Tuna & Tuna",1.51,15.3|9.3|7.7
"TOY0481","Automatic Board Game",15.64,10.4|9.6|1.8
"COL0483","Noah's Action Figure (mauve)",13.95,10.3|2.5|0.2
"PET0498","Vegan Adult Cat Food, Salmon & Salmon",1.62,9.8|9.0|2.8
"PET0500","Gluten-free Adult Cat Food, Salmon & Salmon",1.37,12.5|10.9|10.9
"PET0503","Wet Cat Food, Pumpkin & Pumpkin",1.00,19.0|6.9|0.0
"PET0511","Vegan Senior Cat Food, Duck & Duck",1.65,12.5|11.3|0.7
"PET0513","Dry Adult Cat Food, Tuna & Tuna",1.11,19.6|17.3|14.0
"TOY0513","Super Train",12.34,16.4|4.9|3.8
"PET0517","Wet Senior Cat Food, Tuna & Tuna",1.00,18.9|11.8|5.2
"PET0527","Mouse",0.47,13.9|1.1|0.6
"TOY0531","Super Stickers",0.91,17.5|12.4|1.2
"TOY0543","Manual Ball",3.26,14.0|6.6|3.5
"TOY0549","Power Train",13.24,17.6|2.3|1.9
"PET0555","Dry Cat Food, Beef & Beef",1.07,9.2|3.3|2.9
"PET0574","Gluten-free Adult Cat Food, Pumpkin & Pumpkin",1.48,16.6|15.0|3.3
"PET0575","Vegan Senior Cat Food, Tuna & Tuna",1.64,19.7|16.8|11.0
"TOY0581","Toy Blocks",2.98,13.0|11.4|11.1
"PET0582","Vegan Adult Cat Food, Turkey & Turkey",1.13,16.5|11.5|4.5
"TOY0592","Automatic Train",10.70,19.7|18.9|7.5
"PET0595","Gluten-free Senior Cat Food, Salmon & Salmon",1.53,19.5|14.8|4.2
"TOY0598","Marvel Doll",14.47,8.2|0.9|0.8
"PET0606","Gluten-free Adult Cat Food, Turkey & Turkey",1.61,17.2|16.6|8.8
"PET0622","Gluten-free Senior Cat Food, Beef & Beef",1.74,12.5|5.7|3.4
"PET0630","Dry Cat Food, Beef & Beef",0.90,18.9|17.4|7.0
"PET0647","Bird",0.68,18.6|17.6|10.9
"TOY0650","Power Airplane",10.02,18.2|13.2|7.9
"TOY0651","Electric Toy Soldier",11.54,11.8|4.7|3.0
"TOY0686","Super Blocks",3.40,13.3|10.5|5.4
"PET0687","Dry Adult Cat Food, Turkey & Turkey",1.12,16.0|15.8|9.5
"PET0699","Gluten-free Adult Cat Food, Salmon & Salmon",1.48,18.4|6.4|4.6
"PET0704","Dry Adult Cat Food, Tuna & Tuna",1.14,16.6|16.2|7.7
"PET0705","Gluten-free Senior Cat Food, Tuna & Tuna",1.56,14.6|2.5|1.8
"PET0708","Vegan Senior Cat Food, Shrimp & Shrimp",1.46,18.5|13.1|7.3
"PET0724","Gluten-free Senior Cat Food, Shrimp & Shrimp",1.56,15.0|10.3|7.2
"PET0726","Wet Cat Food, Duck & Duck",0.96,17.3|11.1|4.8
"PET0727","Rabbit Food",1.84,17.0|14.9|4.6
"PET0728","Vegan Adult Cat Food, Tuna & Tuna",1.24,15.6|9.8|1.9
"PET0730","Gluten-free Cat Food, Shrimp & Shrimp",1.48,14.6|12.3|6.1
"PET0732","Senior Ferret Food",0.41,16.8|11.6|3.9
"TOY0733","Manual Silly Bandz",3.40,15.4|10.7|0.5
"PET0736","Gluten-free Cat Food, Salmon & Salmon",1.42,12.8|6.2|3.1
"PET0738","Wet Adult Cat Food, Duck & Duck",1.16,17.6|1.1|0.4
"PET0739","Wet Adult Cat Food, Pumpkin & Pumpkin",1.04,9.5|8.4|6.9
"PET0741","Dry Senior Cat Food, Tuna & Tuna",1.15,11.7|6.7|5.0
"TOY0757","Super Ball",2.68,13.3|6.2|1.2
"PET0759","Dry Senior Cat Food, Chicken & Chicken",0.97,19.0|5.7|4.7
"PET0769","Gluten-free Senior Cat Food, Turkey & Turkey",1.50,17.8|15.7|5.5
"PET0783","Vegan Senior Cat Food, Salmon & Salmon",1.35,19.8|18.8|17.9
"TOY0788","Power Ball",3.38,14.2|13.7|6.5
"PET0803","Guinea Pig Food",0.53,19.2|6.0|4.1
"PET0808","Vegan Senior Cat Food, Chicken & Chicken",1.48,20.0|12.4|3.0
"TOY0810","Disney Slinky",7.64,18.7|18.6|13.8
"TOY0814","Marvel Crayons",4.67,11.7|5.2|4.2
"PET0815","Gluten-free Adult Cat Food, Duck & Duck",1.46,17.2|2.5|0.3
"PET0816","Dry Adult Cat Food, Turkey & Turkey",0.85,12.5|9.0|5.8
"DLI0821","Broccoli Seitan Meatball",0.89,18.5|10.6|4.6
"PET0822","Gluten-free Adult Cat Food, Chicken & Chicken",1.33,16.6|15.3|10.5
"COL0837","Noah's Poster (mauve)",3.86,13.0|3.3|0.8
"PET0846","Vegan Adult Cat Food, Salmon & Salmon",1.36,13.2|9.0|1.1
"TOY0855","Ultra Toy Soldier",10.65,14.6|11.3|1.6
"PET0862","Adult Dog Food",0.81,15.9|12.4|2.2
"DLI0873","Smoked Beet Salad",1.01,17.3|7.4|7.3
"COL0891","Noah's Bobblehead (orange)",5.65,19.9|14.8|0.3
"PET0907","Wet Cat Food, Pumpkin & Pumpkin",0.84,11.7|3.6|0.8
"TOY0928","Toy Airplane",9.29,19.9|18.9|6.1
"PET0931","Gluten-free Cat Food, Duck & Duck",1.40,13.2|12.4|1.5
"DLI0932","Pickled Egg Salad",0.82,10.1|7.1|3.9
"PET0934","Gluten-free Adult Cat Food, Turkey & Turkey",1.50,9.2|6.6|1.2
"PET0937","Dry Adult Cat Food, Salmon & Salmon",0.94,18.1|17.3|1.3
"DLI0959","Salted Beet Sandwich",0.98,19.0|12.6|3.7
"PET0978","Dry Senior Cat Food, Salmon & Salmon",1.03,11.6|8.9|3.7
"TOY0984","Ultra Doll",10.74,11.2|5.8|4.0
"TOY0994","Handmade Ball",5.80,15.2|14.4|8.8
"PET1010","Wet Cat Food, Beef & Beef",0.91,13.1|10.8|8.1
"PET1015","Dry Adult Cat Food, Beef & Beef",0.98,19.0|14.3|3.5
"PET1016","Dry Cat Food, Shrimp & Shrimp",0.93,14.5|9.3|8.5
"PET1027","Gluten-free Cat Food, Chicken & Chicken",1.61,7.3|3.7|0.4
"COL1036","Noah's Jewelry (purple)",32.64,19.4|18.0|4.1
"PET1041","Wet Senior Cat Food, Pumpkin & Pumpkin",1.03,12.9|11.5|3.4
"PET1045","Adult Snake Food",1.02,17.7|16.7|9.5
"PET1057","Rat Food",0.45,15.4|10.0|4.3
"TOY1057","Vintage Fidget Toy",1.27,12.9|11.7|3.9
"PET1066","Vegan Adult Cat Food, Turkey & Turkey",1.29,17.7|14.9|0.5
"PET1073","Dry Adult Cat Food, Tuna & Tuna",0.99,19.2|13.0|0.3
"DLI1073","Dilled Cucumber Salad",0.90,15.3|6.2|5.8
"TOY1074","Marvel Hebrew Blocks",4.46,9.3|8.1|5.5
"TOY1080","Handmade Train",26.75,6.5|4.4|0.9
"PET1086","Vegan Adult Cat Food, Shrimp & Shrimp",1.53,17.8|12.6|7.6
"PET1094","Wet Adult Cat Food, Pumpkin & Pumpkin",1.14,18.3|17.7|15.6
"PET1105","Wet Adult Cat Food, Chicken & Chicken",1.11,17.5|11.7|1.8
"TOY1106","Tonka Fidget Toy",1.13,19.1|15.0|8.5
"PET1108","Dry Adult Cat Food, Salmon & Salmon",1.03,16.9|4.0|2.6
"PET1115","Dry Adult Cat Food, Chicken & Chicken",1.00,19.5|14.1|1.9
"DLI1116","Smoked Cabbage Sandwich",0.97,17.2|11.7|9.2
"TOY1130","Marvel Dreidel",4.00,19.9|15.0|11.7
"PET1131","Wet Adult Cat Food, Beef & Beef",0.99,17.3|14.7|13.5
"TOY1146","Mega Toy Soldier",9.13,19.0|7.6|3.0
"PET1148","Wet Senior Cat Food, Duck & Duck",1.14,19.9|2.3|1.9
"DLI1153","Smoked Whitefish Sandwich",1.01,17.1|15.2|3.5
"TOY1168","Electric Ball",3.52,17.6|12.0|7.4
"PET1173","Dry Adult Cat Food, Turkey & Turkey",0.99,6.0|4.7|4.0
"PET1175","Wet Cat Food, Chicken & Chicken",1.08,19.5|15.4|7.3
"PET1176","Vegan Cat Food, Shrimp & Shrimp",1.07,19.5|14.1|6.2
"PET1185","Wet Senior Cat Food, Pumpkin & Pumpkin",1.03,18.3|6.4|2.0
"PET1226","Dry Adult Cat Food, Pumpkin & Pumpkin",1.01,9.2|8.4|6.2
"TOY1229","Tonka Board Game",14.65,7.0|3.6|0.8
"PET1231","Dry Cat Food, Salmon & Salmon",0.96,16.4|12.3|6.1
"TOY1236","Transformers Ball",4.28,16.8|8.9|6.2
"PET1251","Dry Senior Cat Food, Duck & Duck",1.05,18.6|17.1|9.2
"PET1255","Wet Senior Cat Food, Duck & Duck",0.85,17.0|16.5|12.4
"PET1257","Wet Adult Cat Food, Duck & Duck",1.07,2.3|0.8|0.0
"COL1263","Noah's Action Figure (yellow)",16.50,10.2|7.5|3.6
"TOY1270","Super Slinky",2.92,8.9|2.7|2.6
"PET1272","Gluten-free Senior Cat Food, Tuna & Tuna",1.57,17.1|3.6|2.6
"PET1290","Vegan Adult Cat Food, Beef & Beef",1.34,17.5|8.2|1.2
"PET1298","Vegan Cat Food, Beef & Beef",1.34,11.0|5.3|4.5
"PET1304","Vegan Senior Cat Food, Pumpkin & Pumpkin",1.42,19.9|16.1|1.2
"PET1308","Gluten-free Adult Cat Food, Duck & Duck",1.51,16.9|11.2|3.7
"DLI1340","Smoked Herring Salad",1.16,17.8|5.5|2.6
"TOY1341","Disney Airplane",33.71,17.5|10.0|8.5
"TOY1359","Toy Slinky",2.52,18.5|17.9|3.3
"PET1361","Gluten-free Cat Food, Tuna & Tuna",1.29,17.5|9.2|2.9
"PET1375","Wet Senior Cat Food, Tuna & Tuna",1.05,15.9|11.6|2.5
"TOY1377","Lego Toy Soldier",12.61,14.5|8.8|1.9
"PET1381","Gluten-free Adult Cat Food, Turkey & Turkey",1.41,16.4|12.1|1.1
"TOY1382","Star Wars Stickers",1.88,18.2|14.7|13.2
"TOY1391","Transformers Fidget Toy",1.22,18.8|11.4|8.9
"PET1404","Dry Senior Cat Food, Beef & Beef",1.02,17.4|11.8|6.0
"PET1405","Dry Adult Cat Food, Pumpkin & Pumpkin",0.91,8.7|1.9|1.1
"PET1414","Dry Cat Food, Shrimp & Shrimp",1.18,13.6|6.8|4.5
"TOY1419","Mega Hebrew Blocks",2.88,8.9|7.9|5.7
"COL1459","Noah's Jewelry (orange)",30.39,15.6|8.8|2.1
"PET1461","Gluten-free Cat Food, Salmon & Salmon",1.50,17.4|6.5|6.3
"TOY1463","Mega Airplane",13.07,18.0|5.9|2.6
"COL1464","Noah's Lunchbox (amber)",9.47,17.9|9.3|9.2
"PET1479","Gluten-free Senior Cat Food, Tuna & Tuna",1.52,14.3|8.6|6.6
"TOY1479","Star Wars Doll",22.55,14.2|5.6|3.4
"PET1490","Gluten-free Adult Cat Food, Salmon & Salmon",1.45,8.7|2.6|2.4
"PET1496","Vegan Adult Cat Food, Pumpkin & Pumpkin",1.48,15.6|4.0|3.3
"PET1499","Gluten-free Adult Cat Food, Turkey & Turkey",1.18,18.6|2.5|2.2
"PET1513","Gluten-free Senior Cat Food, Chicken & Chicken",1.45,18.2|8.7|2.9
"PET1514","Dry Cat Food, Turkey & Turkey",1.01,9.6|6.2|5.2
"DLI1516","Dilled Beet Sandwich",1.01,17.7|10.6|3.7
"PET1527","Gluten-free Senior Cat Food, Chicken & Chicken",1.53,11.4|0.7|0.1
"PET1537","Wet Senior Cat Food, Chicken & Chicken",0.95,19.2|16.7|11.5
"TOY1551","Mechanical Toy Soldier",9.10,16.5|14.3|13.6
"COL1561","Noah's Bobblehead (green)",4.15,17.4|13.7|9.2
"BKY1573","Sesame Bagel",1.02,11.9|4.7|0.9
"PET1580","Vegan Senior Cat Food, Shrimp & Shrimp",1.89,12.7|7.5|7.1
"PET1597","Wet Adult Cat Food, Turkey & Turkey",1.04,14.9|12.4|6.9
"TOY1615","Toy Ball",1.93,17.3|10.0|2.4
"TOY1618","Automatic Fidget Toy",0.89,16.6|15.8|2.2
"PET1620","Adult Ferret Food",0.50,19.7|10.2|8.1
"PET1633","Gluten-free Senior Cat Food, Turkey & Turkey",1.50,10.5|6.2|0.9
"COL1659","Noah's Jewelry (yellow)",34.19,16.6|6.2|5.7
"PET1671","Dry Adult Cat Food, Pumpkin & Pumpkin",1.00,19.8|16.2|13.9
"PET1678","Dry Senior Cat Food, Pumpkin & Pumpkin",1.03,19.5|12.7|8.5
"BKY1679","Sesame Twist",1.02,6.9|6.2|1.6
"TOY1683","Electric Fidget Toy",1.20,17.8|15.8|14.4
"PET1689","Wet Senior Cat Food, Turkey & Turkey",0.87,15.1|12.7|9.7
"PET1698","Vegan Cat Food, Salmon & Salmon",1.61,14.8|13.0|0.6
"TOY1700","Mini Dreidel",3.52,13.9|12.3|8.7
"PET1705","Fish",0.59,11.8|9.6|4.4
"PET1718","Vegan Adult Cat Food, Salmon & Salmon",1.76,15.1|5.3|0.1
"TOY1725","Mega Slinky",2.82,13.6|6.8|3.0
"DLI1741","Pickled Herring Salad",1.02,16.4|10.7|4.2
"TOY1749","Mechanical Board Game",13.45,17.1|15.8|1.1
"TOY1761","Ultra Stickers",1.05,8.3|4.6|1.7
"TOY1773","Power Yoyo",4.38,14.5|9.5|1.4
"PET1794","Gluten-free Adult Cat Food, Shrimp & Shrimp",1.44,13.9|9.6|3.0
"COL1794","Noah's Lunchbox (puce)",9.29,7.1|5.0|3.5
"TOY1808","Toy Silly Bandz",2.40,19.6|11.3|3.5
"PET1816","Gluten-free Senior Cat Food, Duck & Duck",1.61,8.7|6.8|4.8
"PET1818","Vegan Adult Cat Food, Shrimp & Shrimp",1.50,19.3|11.4|3.3
"PET1828","Dry Cat Food, Turkey & Turkey",0.99,16.2|16.0|2.0
"TOY1830","Vintage Silly Bandz",4.35,12.3|11.4|4.1
"PET1836","Gluten-free Cat Food, Duck & Duck",1.45,18.5|14.3|7.8
"TOY1836","Manual Blocks",3.54,14.6|11.5|3.8
"PET1861","Gluten-free Adult Cat Food, Pumpkin & Pumpkin",1.29,10.5|7.9|5.8
"PET1864","Wet Adult Cat Food, Pumpkin & Pumpkin",0.99,17.1|16.1|9.0
"TOY1864","Mega Yoyo",4.65,17.5|13.2|2.2
"TOY1865","Noah's Hebrew Blocks",2.99,14.7|9.9|8.3
"PET1866","Vegan Senior Cat Food, Tuna & Tuna",1.58,19.0|18.7|14.2
"PET1874","Vegan Senior Cat Food, Duck & Duck",1.47,12.8|4.8|4.5
"PET1880","Vegan Adult Cat Food, Shrimp & Shrimp",1.58,13.3|9.3|6.2
"TOY1882","Mechanical Ball",2.94,11.9|7.0|1.7
"TOY1887","Noah's Stickers",1.08,18.4|16.1|14.3
"PET1888","Wet Cat Food, Pumpkin & Pumpkin",1.26,6.9|6.6|6.5
"PET1901","Wet Adult Cat Food, Pumpkin & Pumpkin",1.05,19.9|9.1|6.3
"PET1914","Gluten-free Senior Cat Food, Salmon & Salmon",1.52,18.3|16.6|9.0
"PET1922","Vegan Senior Cat Food, Duck & Duck",1.26,19.2|12.5|9.7
"DLI1929","Dilled Cabbage Sandwich",0.89,17.7|7.9|7.4
"PET1936","Vegan Cat Food, Turkey & Turkey",1.59,14.8|1.3|0.7
"PET1938","Dry Senior Cat Food, Shrimp & Shrimp",1.05,16.2|3.8|1.1
"PET1947","Dry Cat Food, Turkey & Turkey",1.10,18.3|3.9|0.0
"TOY1947","Lego Stickers",1.18,17.5|17.2|2.9
"PET1958","Vegan Adult Cat Food, Chicken & Chicken",1.27,19.3|7.5|6.6
"PET1976","Dry Adult Cat Food, Beef & Beef",0.95,13.7|8.9|4.0
"PET1978","Fish Food",0.70,18.5|18.4|16.0
"PET1984","Gluten-free Cat Food, Shrimp & Shrimp",1.20,17.0|8.2|5.1
"PET1987","Vegan Cat Food, Tuna & Tuna",1.54,19.9|9.9|4.2
"PET1992","Gluten-free Cat Food, Turkey & Turkey",1.35,18.4|7.4|3.5
"PET1993","Vegan Senior Cat Food, Shrimp & Shrimp",1.68,13.7|10.4|10.3
"PET2017","Dry Cat Food, Tuna & Tuna",0.83,13.6|5.6|3.4
"DLI2018","Lentil Sandwich",1.10,17.7|5.9|2.2
"DLI2025","Pickled Cabbage Salad",0.94,10.0|4.1|3.1
"PET2026","Dry Adult Cat Food, Chicken & Chicken",1.20,17.3|13.5|10.7
"PET2039","Gluten-free Cat Food, Pumpkin & Pumpkin",1.77,19.3|11.5|5.8
"PET2040","Senior Cat Food",1.48,17.9|11.9|9.0
"PET2041","Wet Cat Food, Pumpkin & Pumpkin",0.96,13.6|10.2|9.5
"PET2043","Vegan Adult Cat Food, Chicken & Chicken",1.50,18.9|15.6|15.1
"PET2046","Vegan Cat Food, Duck & Duck",1.26,12.3|4.6|0.4
"DLI2047","Pickled Whitefish Sandwich",1.00,17.3|17.0|8.3
"PET2066","Dry Adult Cat Food, Turkey & Turkey",1.15,4.0|2.2|0.9
"TOY2067","Handmade Dreidel",6.73,15.4|4.8|1.5
"COL2098","Noah's Poster (red)",3.61,19.7|16.1|6.8
"BKY2114","Poppyseed Mandelbrot",1.05,13.4|0.7|0.4
"PET2123","Wet Adult Cat Food, Pumpkin & Pumpkin",1.17,18.4|16.3|12.0
"COL2125","Noah's Gift Box (green)",3.22,18.6|17.1|2.6
"TOY2131","Mini Toy Soldier",11.33,14.8|10.5|6.0
"COL2136","Noah's Poster (green)",3.72,17.7|2.9|0.3
"COL2141","Noah's Bobblehead (puce)",4.85,19.0|10.4|10.2
"PET2142","Dry Adult Cat Food, Salmon & Salmon",0.95,16.1|10.2|3.6
"DLI2169","Kasha Seitan Meatball",0.90,17.2|13.9|3.2
"PET2175","Vegan Cat Food, Duck & Duck",1.55,12.5|6.0|0.2
"DLI2175","Salted Herring Sandwich",1.09,12.2|2.8|2.5
"PET2178","Gluten-free Adult Cat Food, Beef & Beef",1.37,11.8|9.9|8.4
"PET2187","Gluten-free Adult Cat Food, Beef & Beef",1.70,18.2|15.1|14.0
"PET2192","Dry Senior Cat Food, Salmon & Salmon",0.96,18.6|6.6|3.1
"PET2193","Dry Cat Food, Turkey & Turkey",0.81,15.6|11.9|5.0
"TOY2194","Mechanical Silly Bandz",3.23,9.6|6.8|1.4
"PET2210","Bird Food",0.81,11.5|8.4|5.1
"PET2223","Gluten-free Adult Cat Food, Salmon & Salmon",1.54,17.3|10.1|4.0
"TOY2225","Mini Airplane",12.29,18.1|13.4|13.2
"PET2228","Gluten-free Cat Food, Pumpkin & Pumpkin",1.58,14.7|11.0|4.1
"PET2230","Dry Senior Cat Food, Chicken & Chicken",1.11,13.8|13.6|2.0
"DLI2230","Dilled Salmon Sandwich",1.10,19.9|17.8|1.9
"TOY2234","Mini Board Game",14.89,14.5|12.1|0.0
"TOY2236","Ultra Train",12.67,16.0|11.6|3.0
"PET2237","Dry Senior Cat Food, Shrimp & Shrimp",0.94,16.6|4.0|3.2
"TOY2245","Power Blocks",3.61,18.4|5.9|5.7
"PET2250","Dry Cat Food, Duck & Duck",0.97,14.5|3.5|0.6
"PET2251","Wet Cat Food, Shrimp & Shrimp",1.12,18.1|14.8|5.8
"PET2253","Vegan Senior Cat Food, Chicken & Chicken",1.78,8.9|2.8|1.2
"PET2255","Vegan Senior Cat Food, Salmon & Salmon",1.41,14.8|11.6|0.1
"TOY2289","Noah's Train",12.24,18.6|14.8|13.1
"PET2290","Gluten-free Cat Food, Tuna & Tuna",1.39,18.6|14.2|1.1
"COL2307","Noah's Poster (blue)",3.74,10.0|9.7|8.7
"PET2330","Wet Adult Cat Food, Chicken & Chicken",0.98,19.6|1.2|0.5
"PET2344","Dry Adult Cat Food, Turkey & Turkey",1.04,15.1|14.8|7.9
"TOY2348","Mega Ball",2.94,8.6|8.5|3.0
"PET2368","Dry Adult Cat Food, Shrimp & Shrimp",0.97,13.5|10.1|5.9
"TOY2369","Electric Crayons",3.21,19.3|16.3|14.2
"PET2380","Gluten-free Adult Cat Food, Chicken & Chicken",1.42,18.1|12.8|12.0
"PET2388","Dry Adult Cat Food, Pumpkin & Pumpkin",0.94,15.9|12.0|1.8
"PET2417","Dry Adult Cat Food, Shrimp & Shrimp",1.07,12.4|8.3|1.2
"PET2429","Gluten-free Adult Cat Food, Turkey & Turkey",1.50,3.5|0.8|0.0
"PET2433","Wet Senior Cat Food, Shrimp & Shrimp",0.96,15.7|9.7|2.3
"PET2437","Dry Senior Cat Food, Turkey & Turkey",0.93,17.6|5.4|2.7
"PET2445","Vegan Cat Food, Salmon & Salmon",1.38,8.8|8.0|2.3
"PET2453","Gluten-free Senior Cat Food, Salmon & Salmon",1.32,9.9|9.2|2.9
"PET2464","Wet Senior Cat Food, Turkey & Turkey",1.18,19.2|8.6|3.1
"COL2466","Noah's Jersey (magenta)",8.86,19.6|7.6|1.0
"COL2467","Noah's Poster (orange)",3.58,16.3|6.1|4.7
"PET2470","Gluten-free Senior Cat Food, Chicken & Chicken",1.54,10.0|4.3|2.9
"TOY2481","Lego Train",11.89,9.9|6.0|2.9
"PET2483","Wet Cat Food, Turkey & Turkey",0.94,10.9|8.1|5.8
"DLI2483","Dilled Salmon Salad",0.97,14.1|6.3|4.1
"PET2486","Vegan Senior Cat Food, Tuna & Tuna",1.56,11.8|9.6|1.9
"TOY2492","Power Toy Soldier",9.36,17.8|17.0|2.5
"COL2494","Noah's Lunchbox (azure)",11.51,15.3|7.1|2.8
"DLI2503","Pickled Cucumber Salad",0.94,3.6|2.4|1.4
"PET2519","Gluten-free Senior Cat Food, Pumpkin & Pumpkin",1.66,11.2|10.2|2.8
"PET2520","Vegan Cat Food, Chicken & Chicken",1.39,16.9|15.4|3.6
"PET2524","Dry Adult Cat Food, Turkey & Turkey",1.18,12.0|4.4|1.2
"PET2527","Senior Snake Food",1.05,16.0|1.5|0.3
"TOY2530","Super Yoyo",5.08,16.7|13.8|13.2
"TOY2532","Disney Dreidel",8.39,11.9|9.5|0.2
"DLI2535","Dilled Whitefish Sandwich",1.02,6.4|3.6|2.8
"COL2577","Noah's Jewelry (puce)",31.69,19.2|17.0|10.1
"PET2587","Gluten-free Senior Cat Food, Duck & Duck",1.52,19.9|15.0|14.2
"BKY2596","Poppyseed Linzer Cookie",1.04,16.0|7.5|5.0
"PET2606","Adult Rat Food",0.53,12.6|6.6|2.7
"COL2615","Noah's Jersey (green)",11.34,17.9|12.1|11.8
"PET2632","Gluten-free Cat Food, Tuna & Tuna",1.68,17.0|11.1|8.1
"PET2653","Gluten-free Adult Cat Food, Duck & Duck",1.43,19.0|10.6|6.5
"PET2661","Gluten-free Adult Cat Food, Tuna & Tuna",1.48,17.7|11.8|11.8
"PET2667","Wet Cat Food, Turkey & Turkey",1.04,17.0|15.1|1.5
"PET2669","Dry Adult Cat Food, Tuna & Tuna",1.04,12.1|9.5|1.2
"PET2698","Dry Senior Cat Food, Turkey & Turkey",1.06,19.9|9.6|3.8
"TOY2700","Super Crayons",3.28,16.5|11.6|6.4
"PET2703","Vegan Adult Cat Food, Tuna & Tuna",1.46,5.2|3.2|0.2
"PET2711","Vegan Cat Food, Salmon & Salmon",1.65,12.8|7.5|3.0
"PET2717","Dry Adult Cat Food, Chicken & Chicken",1.06,18.2|10.2|4.7
"PET2730","Wet Cat Food, Duck & Duck",1.07,16.6|8.1|7.1
"PET2743","Dry Senior Cat Food, Duck & Duck",1.03,17.0|13.7|7.7
"PET2749","Dry Senior Cat Food, Beef & Beef",0.98,20.0|13.2|11.5
"PET2755","Vegan Adult Cat Food, Chicken & Chicken",1.50,19.8|18.7|7.1
"PET2760","Wet Cat Food, Salmon & Salmon",0.84,14.4|12.2|0.4
"HOM2761","Rug Cleaner",1.43,19.6|11.7|0.2
"PET2774","Vegan Cat Food, Turkey & Turkey",1.84,14.2|6.4|5.0
"TOY2783","Vintage Train",17.14,7.4|5.7|1.9
"COL2789","Noah's Gift Box (amber)",3.53,4.0|3.3|1.5
"DLI2796","Smoked Beet Sandwich",1.07,17.4|16.3|9.3
"PET2803","Vegan Cat Food, Pumpkin & Pumpkin",1.26,16.0|7.9|7.5
"PET2806","Mouse Food",0.56,18.1|16.7|7.2
"PET2812","Dry Adult Cat Food, Duck & Duck",1.12,10.4|9.2|2.7
"TOY2812","Marvel Stickers",1.59,19.8|14.5|9.8
"PET2824","Gluten-free Adult Cat Food, Shrimp & Shrimp",1.37,4.9|4.1|0.0
"PET2852","Wet Cat Food, Chicken & Chicken",1.02,15.6|12.4|4.7
"PET2858","Gluten-free Senior Cat Food, Pumpkin & Pumpkin",1.72,14.6|5.4|3.3
"PET2861","Dry Adult Cat Food, Shrimp & Shrimp",1.08,16.9|5.1|0.5
"PET2862","Wet Senior Cat Food, Tuna & Tuna",1.08,6.5|6.1|2.8
"PET2872","Dry Senior Cat Food, Chicken & Chicken",0.99,17.6|14.8|6.3
"PET2873","Vegan Senior Cat Food, Beef & Beef",1.63,17.2|0.9|0.6
"PET2874","Senior Dog Food",0.87,10.9|9.1|6.6
"PET2899","Dry Cat Food, Duck & Duck",1.14,18.7|12.0|0.3
"COL2900","Noah's Bobblehead (mauve)",5.15,15.1|11.4|10.6
"PET2901","Adult Cat Food",1.26,6.7|3.9|3.7
"PET2916","Gluten-free Cat Food, Duck & Duck",1.55,18.8|16.5|12.7
"PET2929","Hamster",0.55,15.4|6.1|4.0
"PET2931","Vegan Adult Cat Food, Shrimp & Shrimp",1.38,16.4|12.7|9.1
"PET2934","Dry Senior Cat Food, Beef & Beef",1.07,11.6|10.0|5.1
"TOY2965","Lego Crayons",3.37,17.0|14.7|3.4
"PET2973","Gluten-free Adult Cat Food, Chicken & Chicken",1.61,18.1|9.5|3.1
"PET2985","Gluten-free Senior Cat Food, Tuna & Tuna",1.67,15.8|14.6|10.2
"TOY2985","Ultra Fidget Toy",0.96,15.8|9.6|6.4
"TOY2987","Mini Fidget Toy",0.92,13.4|11.1|9.0
"PET2989","Dry Adult Cat Food, Beef & Beef",1.15,12.6|10.2|5.0
"PET3001","Dry Senior Cat Food, Shrimp & Shrimp",1.07,19.9|17.1|7.4
"PET3013","Wet Adult Cat Food, Chicken & Chicken",1.03,8.6|0.8|0.4
"PET3038","Wet Cat Food, Turkey & Turkey",0.96,13.1|10.6|8.2
"COL3038","Noah's Action Figure (purple)",13.59,14.1|11.9|11.2
"PET3041","Gluten-free Cat Food, Duck & Duck",1.88,19.1|11.8|6.4
"PET3055","Dry Adult Cat Food, Turkey & Turkey",0.83,17.4|11.9|0.2
"PET3062","Vegan Adult Cat Food, Beef & Beef",1.78,18.5|15.0|6.2
"TOY3069","Toy Hebrew Blocks",1.92,13.9|13.2|0.7
"TOY3070","Super Dreidel",3.22,16.3|8.3|6.0
"PET3071","Vegan Senior Cat Food, Beef & Beef",1.42,11.0|7.2|1.7
"PET3077","Wet Adult Cat Food, Chicken & Chicken",0.95,19.3|2.8|0.6
"PET3092","Vegan Adult Cat Food, Pumpkin & Pumpkin",1.80,18.6|12.0|4.4
"PET3122","Vegan Adult Cat Food, Pumpkin & Pumpkin",1.63,10.1|7.4|1.6
"PET3127","Wet Cat Food, Beef & Beef",1.05,18.6|15.4|0.2
"PET3134","Gluten-free Senior Cat Food, Duck & Duck",1.60,18.5|14.7|2.9
"TOY3134","Tonka Silly Bandz",3.11,9.9|5.0|1.4
"PET3168","Dry Cat Food, Chicken & Chicken",1.04,10.1|4.5|2.9
"TOY3176","Marvel Ball",4.51,14.6|6.6|2.1
"TOY3183","Lego Board Game",16.02,8.7|0.6|0.5
"TOY3184","Mini Ball",3.07,18.3|0.6|0.6
"PET3201","Gluten-free Adult Cat Food, Pumpkin & Pumpkin",1.36,16.8|1.2|0.1
"PET3241","Wet Cat Food, Duck & Duck",0.86,15.1|10.5|2.6
"PET3242","Vegan Senior Cat Food, Shrimp & Shrimp",1.63,11.2|10.2|8.0
"PET3255","Gluten-free Cat Food, Duck & Duck",1.51,13.0|10.0|1.3
"PET3260","Vegan Adult Cat Food, Turkey & Turkey",1.39,12.9|8.6|0.4
"PET3262","Hedgehog Food",0.84,13.1|12.6|2.9
"PET3273","Vegan Senior Cat Food, Chicken & Chicken",1.57,17.9|14.5|7.1
"PET3277","Gluten-free Cat Food, Chicken & Chicken",1.67,19.8|10.9|3.5
"COL3278","Noah's Gift Box (mauve)",2.83,11.5|8.0|3.8
"TOY3281","Handmade Board Game",28.65,19.2|18.3|13.3
"PET3286","Vegan Cat Food, Duck & Duck",1.60,15.4|10.5|3.0
"PET3313","Dry Cat Food, Pumpkin & Pumpkin",1.02,17.1|9.2|5.9
"TOY3316","Automatic Toy Soldier",9.56,19.5|16.5|4.8
"PET3317","Wet Adult Cat Food, Shrimp & Shrimp",0.95,13.4|12.9|12.2
"PET3332","Dry Cat Food, Pumpkin & Pumpkin",0.92,15.8|11.1|0.1
"PET3354","Gluten-free Senior Cat Food, Salmon & Salmon",1.53,16.8|9.9|7.8
"COL3364","Noah's Lunchbox (magenta)",9.48,17.1|15.2|15.0
"PET3368","Wet Cat Food, Shrimp & Shrimp",1.05,10.7|5.1|2.5
"PET3373","Dry Adult Cat Food, Tuna & Tuna",0.97,19.1|13.6|0.8
"TOY3375","Vintage Stickers",1.59,14.4|14.1|10.9
"PET3382","Dry Senior Cat Food, Duck & Duck",1.14,20.0|5.5|3.8
"PET3384","Dry Adult Cat Food, Turkey & Turkey",1.04,14.1|13.3|3.9
"PET3388","Gluten-free Senior Cat Food, Salmon & Salmon",1.43,16.1|7.1|5.8
"TOY3390","Toy Yoyo",3.60,19.4|4.9|3.1
"PET3395","Gluten-free Cat Food, Salmon & Salmon",1.62,14.2|10.9|9.6
"TOY3397","Transformers Hebrew Blocks",4.18,19.2|15.4|11.1
"PET3399","Gluten-free Cat Food, Tuna & Tuna",1.41,13.2|8.1|4.6
"TOY3417","Tonka Crayons",3.11,12.5|9.3|3.4
"PET3425","Wet Cat Food, Chicken & Chicken",1.00,14.9|12.0|10.2
"PET3427","Vegan Cat Food, Beef & Beef",1.31,18.9|7.1|4.4
"COL3430","Noah's Lunchbox (green)",10.22,16.0|6.9|1.9
"PET3432","Vegan Adult Cat Food, Pumpkin & Pumpkin",1.50,14.5|13.0|3.6
"PET3439","Vegan Adult Cat Food, Salmon & Salmon",1.57,13.8|6.8|4.9
"PET3443","Gluten-free Senior Cat Food, Chicken & Chicken",1.45,18.5|18.4|2.5
"DLI3447","Salted Egg Salad",0.92,12.7|8.6|0.0
"PET3456","Wet Senior Cat Food, Salmon & Salmon",0.82,19.4|18.2|0.7
"TOY3487","Transformers Yoyo",7.24,17.0|10.2|3.7
"TOY3500","Mega Blocks",4.48,19.1|12.3|5.9
"PET3501","Wet Senior Cat Food, Beef & Beef",1.13,11.2|4.5|3.1
"PET3510","Vegan Adult Cat Food, Duck & Duck",1.52,8.4|3.5|2.3
"PET3512","Wet Cat Food, Tuna & Tuna",0.87,15.6|11.9|4.3
"COL3516","Noah's Bobblehead (azure)",4.34,11.9|9.6|2.2
"TOY3526","Mechanical Doll",8.27,13.5|12.9|5.5
"PET3547","Gluten-free Cat Food, Beef & Beef",1.54,10.0|6.3|2.9
"COL3562","Noah's Action Figure (puce)",15.30,11.6|10.6|1.0
"TOY3577","Marvel Toy Soldier",16.41,14.4|14.0|3.1
"PET3578","Wet Senior Cat Food, Chicken & Chicken",1.18,17.5|16.6|10.4
"PET3579","Dry Adult Cat Food, Salmon & Salmon",1.02,17.1|16.7|11.8
"PET3590","Gluten-free Adult Cat Food, Beef & Beef",1.56,17.5|16.9|0.8
"PET3601","Wet Adult Cat Food, Salmon & Salmon",0.94,17.6|6.0|5.8
"COL3603","Noah's Bobblehead (purple)",4.84,16.4|14.1|2.4
"PET3623","Gluten-free Cat Food, Chicken & Chicken",1.26,12.7|6.0|0.4
"PET3625","Vegan Adult Cat Food, Shrimp & Shrimp",1.66,4.4|3.6|2.4
"PET3639","Vegan Adult Cat Food, Salmon & Salmon",1.23,19.0|6.9|2.9
"PET3653","Vegan Adult Cat Food, Chicken & Chicken",1.43,16.8|12.7|12.3
"COL3655","Noah's Jersey (amber)",8.95,18.2|18.2|11.8
"PET3660","Dry Cat Food, Duck & Duck",0.77,19.6|16.5|2.1
"PET3668","Gluten-free Adult Cat Food, Tuna & Tuna",1.57,17.0|5.4|2.7
"COL3675","Noah's Action Figure (white)",15.07,17.4|12.2|4.3
"PET3682","Dry Cat Food, Salmon & Salmon",0.91,15.0|14.9|7.3
"TOY3711","Vintage Crayons",5.29,17.1|15.4|11.7
"PET3715","Wet Cat Food, Chicken & Chicken",0.93,15.0|10.6|2.1
"PET3724","Dry Cat Food, Turkey & Turkey",1.18,13.8|10.0|6.1
"PET3725","Wet Adult Cat Food, Turkey & Turkey",0.99,19.8|16.4|12.2
"TOY3748","Star Wars Train",24.60,20.0|10.1|9.3
"TOY3749","Star Wars Blocks",6.97,12.1|8.8|5.0
"PET3758","Vegan Senior Cat Food, Tuna & Tuna",1.50,19.0|14.3|9.7
"PET3759","Dry Senior Cat Food, Salmon & Salmon",0.98,20.0|14.0|6.9
"TOY3760","Handmade Toy Soldier",19.29,17.0|9.2|1.7
"PET3762","Wet Senior Cat Food, Salmon & Salmon",0.83,17.4|12.7|8.6
"PET3764","Wet Adult Cat Food, Shrimp & Shrimp",0.97,8.7|5.8|3.0
"TOY3774","Mini Blocks",4.21,19.7|10.8|7.2
"PET3785","Vegan Senior Cat Food, Shrimp & Shrimp",1.47,12.5|11.6|4.8
"TOY3793","Tonka Slinky",3.10,19.2|13.7|13.4
"DLI3797","Smoked Cucumber Sandwich",0.95,17.8|3.5|1.6
"PET3801","Wet Senior Cat Food, Chicken & Chicken",1.19,19.7|17.6|9.5
"TOY3801","Marvel Airplane",19.68,12.5|11.7|8.1
"PET3807","Dry Senior Cat Food, Shrimp & Shrimp",0.93,19.0|9.1|5.8
"PET3814","Vegan Adult Cat Food, Duck & Duck",1.66,10.8|2.9|1.1
"PET3815","Vegan Adult Cat Food, Tuna & Tuna",1.71,16.5|5.2|3.7
"DLI3817","Kasha Cabbage Roll",1.05,17.5|10.9|5.8
"PET3834","Wet Senior Cat Food, Shrimp & Shrimp",1.23,11.0|10.3|2.8
"PET3839","Gluten-free Cat Food, Beef & Beef",1.30,16.8|10.9|0.2
"PET3848","Wet Adult Cat Food, Beef & Beef",0.98,17.6|17.1|2.9
"PET3855","Dry Senior Cat Food, Chicken & Chicken",0.92,12.6|8.2|7.5
"TOY3859","Noah's Fidget Toy",0.91,14.3|9.7|2.6
"PET3864","Vegan Senior Cat Food, Tuna & Tuna",1.38,19.4|14.2|10.4
"TOY3873","Star Wars Crayons",6.36,18.1|13.8|4.6
"PET3882","Wet Adult Cat Food, Turkey & Turkey",0.83,7.8|5.4|0.7
"TOY3894","Toy Doll",6.94,16.7|8.1|2.3
"COL3898","Noah's Gift Box (blue)",3.00,14.5|10.9|0.8
"PET3905","Senior Guinea Pig Food",0.49,16.4|11.0|7.9
"TOY3910","Disney Train",33.86,14.0|6.9|2.1
"PET3913","Gluten-free Cat Food, Beef & Beef",1.51,14.8|9.6|0.6
"DLI3915","Kasha Knish",0.94,18.7|13.8|3.8
"TOY3922","Vintage Hebrew Blocks",4.75,16.1|3.0|2.4
"PET3929","Gluten-free Cat Food, Turkey & Turkey",1.42,19.3|14.2|6.9
"PET3930","Dry Cat Food, Shrimp & Shrimp",1.00,12.9|9.8|3.0
"PET3934","Dry Senior Cat Food, Pumpkin & Pumpkin",0.87,13.4|12.9|9.1
"PET3942","Snake Food",1.14,18.0|16.5|1.9
"PET3978","Senior Rabbit Food",1.87,12.6|6.7|2.0
"PET3992","Dry Senior Cat Food, Duck & Duck",0.98,18.0|14.3|9.7
"DLI4002","Smoked Egg Sandwich",0.90,15.6|14.8|5.0
"BKY4004","Raspberry Sufganiah",1.02,18.7|10.6|3.3
"PET4005","Vegan Adult Cat Food, Salmon & Salmon",1.24,19.4|11.9|3.1
"PET4017","Dry Cat Food, Shrimp & Shrimp",1.11,19.8|19.6|7.3
"PET4020","Gluten-free Adult Cat Food, Pumpkin & Pumpkin",1.66,6.0|4.1|1.9
"PET4036","Vegan Adult Cat Food, Pumpkin & Pumpkin",1.34,18.7|8.2|2.5
"PET4042","Wet Cat Food, Chicken & Chicken",1.09,6.7|5.8|2.1
"PET4044","Dry Adult Cat Food, Tuna & Tuna",0.76,19.1|13.4|5.0
"DLI4044","Dilled Cucumber Sandwich",0.99,19.9|10.6|0.3
"TOY4052","Power Crayons",3.05,17.1|5.4|0.1
"PET4053","Dry Senior Cat Food, Turkey & Turkey",1.08,8.4|3.4|0.8
"PET4055","Vegan Senior Cat Food, Beef & Beef",1.62,12.8|3.0|1.2
"PET4073","Vegan Senior Cat Food, Duck & Duck",1.44,16.8|11.7|0.2
"PET4089","Vegan Senior Cat Food, Chicken & Chicken",1.41,14.2|11.2|3.4
"COL4117","Noah's Poster (yellow)",3.63,19.7|12.0|6.3
"TOY4117","Ultra Hebrew Blocks",2.95,11.8|9.2|1.0
"PET4122","Wet Adult Cat Food, Shrimp & Shrimp",1.21,13.2|5.5|0.3
"DLI4122","Salted Beet Salad",1.02,18.8|11.9|11.8
"PET4124","Vegan Senior Cat Food, Chicken & Chicken",1.43,17.4|13.4|8.0
"PET4128","Vegan Cat Food, Chicken & Chicken",1.91,16.0|11.0|9.0
"PET4135","Senior Rat Food",0.58,12.3|11.8|11.2
"PET4147","Dry Senior Cat Food, Tuna & Tuna",1.03,13.5|6.4|5.6
"PET4156","Wet Adult Cat Food, Salmon & Salmon",1.01,19.6|15.0|2.0
"PET4179","Adult Hedgehog Food",0.90,9.9|7.2|6.2
"DLI4190","Smoked Whitefish Salad",0.89,14.7|11.8|4.0
"PET4195","Gluten-free Senior Cat Food, Tuna & Tuna",1.31,10.6|10.2|0.9
"PET4199","Wet Senior Cat Food, Pumpkin & Pumpkin",1.07,14.5|3.9|2.8
"PET4202","Wet Adult Cat Food, Chicken & Chicken",0.92,17.7|11.4|9.6
"PET4204","Cat Food",1.32,19.3|10.1|5.4
"TOY4205","Tonka Stickers",0.90,12.5|9.9|4.9
"PET4211","Gluten-free Senior Cat Food, Turkey & Turkey",1.28,17.4|5.7|3.6
"PET4227","Adult Fish Food",0.81,10.7|9.7|5.4
"TOY4227","Handmade Slinky",5.80,17.3|13.0|11.8
"TOY4249","Super Toy Soldier",9.72,19.2|18.2|7.6
"PET4258","Gluten-free Senior Cat Food, Shrimp & Shrimp",1.58,19.5|9.1|7.3
"TOY4258","Ultra Silly Bandz",3.46,13.9|11.9|1.6
"COL4270","Noah's Bobblehead (yellow)",5.70,17.4|17.2|6.5
"COL4281","Noah's Jersey (yellow)",10.52,17.8|17.6|14.2
"PET4284","Wet Adult Cat Food, Beef & Beef",0.75,15.2|14.0|2.2
"PET4285","Wet Cat Food, Turkey & Turkey",1.09,13.1|4.3|2.8
"COL4285","Noah's Jersey (purple)",9.59,9.3|5.1|4.5
"PET4307","Vegan Senior Cat Food, Pumpkin & Pumpkin",1.45,14.8|4.0|3.5
"PET4308","Dry Adult Cat Food, Shrimp & Shrimp",1.15,18.1|15.2|13.2
"DLI4311","Salted Salmon Salad",0.98,15.4|14.6|5.9
"PET4312","Gluten-free Senior Cat Food, Pumpkin & Pumpkin",1.26,11.6|10.2|1.6
"PET4323","Dry Cat Food, Beef & Beef",0.95,12.9|3.8|1.9
"TOY4330","Ultra Dreidel",3.05,8.9|6.1|1.4
"PET4345","Gluten-free Senior Cat Food, Turkey & Turkey",1.36,19.6|9.1|0.9
"PET4361","Dry Senior Cat Food, Pumpkin & Pumpkin",1.12,16.6|12.2|5.9
"COL4363","Noah's Gift Box (puce)",2.93,19.0|13.9|11.4
"PET4368","Wet Senior Cat Food, Shrimp & Shrimp",1.09,13.9|7.1|0.8
"PET4370","Dry Cat Food, Salmon & Salmon",0.90,10.8|8.9|2.5
"PET4389","Wet Senior Cat Food, Salmon & Salmon",1.00,17.2|9.8|1.0
"BKY4390","Raspberry Hamentash",1.13,13.9|12.9|0.1
"PET4392","Vegan Cat Food, Salmon & Salmon",1.49,6.7|1.3|1.2
"PET4402","Gluten-free Cat Food, Salmon & Salmon",1.56,19.2|9.6|9.1
"DLI4420","Pickled Beet Salad",0.97,18.1|3.2|0.5
"PET4425","Dry Cat Food, Pumpkin & Pumpkin",1.01,8.0|7.5|0.9
"DLI4426","Dilled Beet Salad",1.12,16.9|16.3|3.9
"PET4428","Wet Adult Cat Food, Shrimp & Shrimp",0.86,13.4|9.8|6.0
"PET4432","Dry Senior Cat Food, Salmon & Salmon",0.93,18.6|12.1|0.7
"DLI4436","Pickled Beet Sandwich",0.95,18.5|17.2|5.0
"PET4440","Wet Adult Cat Food, Salmon & Salmon",1.05,10.0|4.6|0.3
"DLI4443","Pickled Cabbage Sandwich",0.98,16.8|7.5|4.2
"TOY4448","Lego Yoyo",5.62,14.8|13.2|2.1
"PET4453","Gluten-free Adult Cat Food, Beef & Beef",1.46,6.9|6.4|6.4
"PET4457","Dry Cat Food, Shrimp & Shrimp",1.12,19.6|19.3|8.8
"PET4458","Dry Senior Cat Food, Beef & Beef",0.96,16.0|13.2|2.0
"PET4469","Wet Senior Cat Food, Shrimp & Shrimp",0.91,15.3|12.3|3.1
"DLI4471","Dilled Cabbage Salad",0.96,14.6|10.0|1.6
"TOY4473","Noah's Crayons",2.82,17.0|11.4|7.9
"PET4479","Wet Adult Cat Food, Duck & Duck",0.97,19.4|18.1|14.9
"PET4482","Gluten-free Cat Food, Chicken & Chicken",1.77,17.2|14.1|9.7
"PET4490","Gluten-free Cat Food, Pumpkin & Pumpkin",1.51,14.6|12.0|5.9
"PET4491","Dry Senior Cat Food, Salmon & Salmon",0.94,19.1|16.8|2.3
"TOY4505","Marvel Slinky",5.20,19.7|17.7|1.7
"PET4513","Lizard Food",0.98,14.9|12.7|9.9
"PET4534","Vegan Adult Cat Food, Tuna & Tuna",1.59,18.7|10.4|8.8
"PET4535","Gluten-free Cat Food, Turkey & Turkey",1.64,18.7|18.2|10.7
"PET4537","Gluten-free Adult Cat Food, Chicken & Chicken",1.53,6.1|3.7|2.3
"PET4554","Dry Cat Food, Beef & Beef",1.03,16.3|8.9|8.0
"PET4558","Dry Cat Food, Tuna & Tuna",0.87,17.6|17.0|3.7
"PET4567","Vegan Cat Food, Tuna & Tuna",1.51,18.7|6.9|0.2
"PET4569","Vegan Cat Food, Shrimp & Shrimp",1.55,14.1|2.1|1.4
"PET4571","Lizard",0.80,17.1|14.3|2.0
"TOY4587","Manual Yoyo",5.19,11.7|11.6|10.2
"TOY4600","Marvel Yoyo",6.95,13.4|7.9|2.5
"PET4615","Vegan Cat Food, Pumpkin & Pumpkin",1.46,11.2|2.2|0.8
"TOY4618","Ultra Board Game",16.57,14.8|12.9|8.1
"TOY4627","Lego Hebrew Blocks",3.45,9.4|6.9|6.7
"TOY4631","Toy Board Game",8.95,17.1|15.9|6.5
"PET4637","Gluten-free Senior Cat Food, Duck & Duck",1.48,19.5|7.1|2.5
"PET4643","Wet Adult Cat Food, Tuna & Tuna",1.08,11.0|9.7|0.8
"PET4653","Dry Senior Cat Food, Tuna & Tuna",1.09,8.2|2.3|0.0
"PET4663","Wet Cat Food, Tuna & Tuna",1.11,13.8|4.2|4.1
"PET4669","Gluten-free Cat Food, Pumpkin & Pumpkin",1.69,17.8|8.1|4.2
"PET4688","Dry Senior Cat Food, Tuna & Tuna",1.09,19.3|15.3|1.4
"PET4689","Vegan Senior Cat Food, Shrimp & Shrimp",1.54,19.5|18.3|0.7
"PET4706","Gluten-free Adult Cat Food, Turkey & Turkey",1.75,12.3|6.0|1.9
"TOY4727","Disney Silly Bandz",9.59,11.4|10.5|3.1
"PET4740","Gluten-free Adult Cat Food, Pumpkin & Pumpkin",1.31,10.5|6.1|3.1
"PET4741","Dry Cat Food, Tuna & Tuna",1.15,14.2|9.7|8.3
"PET4752","Wet Adult Cat Food, Turkey & Turkey",1.09,15.2|5.9|4.0
"BKY4760","Poppyseed Rugelach",1.07,15.1|14.7|11.4
"PET4764","Gluten-free Cat Food, Turkey & Turkey",1.49,13.1|11.0|8.8
"PET4790","Dry Senior Cat Food, Pumpkin & Pumpkin",0.96,13.1|10.1|1.5
"DLI4799","Pickled Whitefish Salad",1.11,13.5|9.4|2.8
"PET4800","Gluten-free Senior Cat Food, Salmon & Salmon",1.30,18.6|10.0|5.2
"PET4803","Wet Cat Food, Chicken & Chicken",1.01,19.8|17.8|3.4
"TOY4808","Disney Stickers",2.97,12.0|7.9|3.9
"PET4815","Wet Adult Cat Food, Duck & Duck",0.87,19.0|15.1|11.1
"DLI4821","Smoked Egg Salad",1.18,16.5|14.1|4.1
"DLI4838","Dilled Herring Sandwich",1.03,11.8|10.7|3.3
"PET4854","Dry Cat Food, Beef & Beef",1.14,8.0|7.4|2.7
"COL4856","Noah's Lunchbox (white)",9.31,16.4|9.1|1.4
"PET4863","Wet Adult Cat Food, Chicken & Chicken",0.90,6.6|5.2|0.6
"PET4959","Dry Senior Cat Food, Tuna & Tuna",0.89,13.2|6.0|1.7
"PET4970","Vegan Senior Cat Food, Beef & Beef",1.48,17.4|17.1|4.3
"PET4977","Dry Cat Food, Chicken & Chicken",0.82,13.9|11.2|0.5
"PET4978","Wet Senior Cat Food, Shrimp & Shrimp",0.93,15.6|14.2|4.8
"PET4990","Vegan Cat Food, Shrimp & Shrimp",1.58,16.4|16.1|10.4
"TOY5005","Mega Fidget Toy",0.97,8.9|4.0|1.4
"COL5018","Noah's Poster (puce)",4.41,19.1|17.8|13.6
"PET5019","Dry Cat Food, Duck & Duck",0.96,17.4|17.3|8.1
"PET5028","Wet Senior Cat Food, Chicken & Chicken",1.05,12.7|7.9|5.9
"PET5031","Dry Senior Cat Food, Turkey & Turkey",1.04,13.6|3.3|2.5
"TOY5037","Automatic Silly Bandz",3.46,6.7|2.5|2.4
"BKY5054","Raspberry Linzer Cookie",1.00,13.6|9.7|5.9
"PET5070","Vegan Senior Cat Food, Beef & Beef",1.56,19.5|13.0|0.4
"PET5071","Dry Cat Food, Salmon & Salmon",0.99,18.2|8.1|0.0
"PET5082","Guinea Pig",0.54,7.3|5.9|1.7
"PET5103","Vegan Adult Cat Food, Turkey & Turkey",1.50,18.7|17.5|16.5
"PET5104","Vegan Cat Food, Beef & Beef",1.65,18.9|18.1|10.2
"PET5138","Wet Senior Cat Food, Salmon & Salmon",0.86,8.9|8.8|2.8
"PET5150","Gluten-free Adult Cat Food, Tuna & Tuna",1.31,17.7|4.8|3.3
"TOY5157","Transformers Slinky",3.87,18.2|16.2|10.2
"TOY5158","Star Wars Yoyo",11.62,12.0|10.2|7.0
"PET5163","Dry Senior Cat Food, Chicken & Chicken",1.00,13.3|11.8|5.4
"PET5177","Dry Adult Cat Food, Salmon & Salmon",1.05,17.2|16.6|9.6
"COL5184","Noah's Jersey (puce)",8.31,17.4|15.3|9.4
"PET5199","Vegan Senior Cat Food, Pumpkin & Pumpkin",1.47,17.5|13.4|1.0
"PET5212","Vegan Adult Cat Food, Salmon & Salmon",1.64,9.8|9.3|6.4
"TOY5215","Marvel Blocks",6.02,16.7|8.0|1.7
"PET5227","Gluten-free Senior Cat Food, Duck & Duck",1.18,11.9|6.9|1.4
"TOY5237","Lego Blocks",4.78,9.4|1.8|0.5
"TOY5239","Power Slinky",2.90,8.4|8.3|6.9
"PET5246","Vegan Senior Cat Food, Pumpkin & Pumpkin",1.65,8.5|6.2|2.7
"TOY5250","Mechanical Crayons",2.50,15.6|9.4|7.6
"PET5251","Gluten-free Cat Food, Tuna & Tuna",1.22,13.3|3.6|1.0
"DLI5254","Matzo Ball Soup",0.90,15.1|15.0|1.1
"PET5263","Gluten-free Senior Cat Food, Shrimp & Shrimp",1.54,19.3|15.3|12.0
"PET5266","Wet Senior Cat Food, Turkey & Turkey",1.11,19.9|13.2|0.5
"DLI5269","Broccoli Cabbage Roll",1.01,19.7|18.0|17.6
"PET5276","Dry Adult Cat Food, Duck & Duck",1.00,16.5|12.9|8.3
"PET5287","Wet Adult Cat Food, Beef & Beef",0.89,17.3|17.3|7.8
"PET5289","Vegan Adult Cat Food, Duck & Duck",1.73,15.3|6.1|5.5
"PET5292","Vegan Cat Food, Tuna & Tuna",1.43,17.1|13.5|11.6
"PET5316","Vegan Cat Food, Turkey & Turkey",1.73,10.8|5.3|1.5
"BKY5319","Raspberry Mandelbrot",1.09,12.6|12.1|2.8
"TOY5326","Electric Doll",11.26,13.9|8.5|3.0
"COL5340","Noah's Action Figure (amber)",15.70,5.1|4.8|3.3
"PET5347","Wet Adult Cat Food, Beef & Beef",1.05,19.7|4.1|1.9
"TOY5358","Automatic Blocks",3.89,18.0|13.1|8.4
"PET5361","Vegan Senior Cat Food, Tuna & Tuna",1.59,14.0|8.9|4.1
"TOY5367","Vintage Board Game",25.55,14.0|7.8|2.9
"DLI5380","Borscht Soup",0.94,17.8|8.7|5.5
"COL5396","Noah's Bobblehead (red)",5.24,10.2|1.5|0.3
"PET5402","Vegan Senior Cat Food, Pumpkin & Pumpkin",1.29,19.5|15.0|2.7
"PET5406","Gluten-free Senior Cat Food, Shrimp & Shrimp",1.44,8.7|5.2|5.0
"PET5428","Dry Cat Food, Duck & Duck",1.04,19.6|18.0|6.4
"PET5429","Wet Senior Cat Food, Duck & Duck",1.13,17.9|9.1|1.9
"PET5439","Wet Senior Cat Food, Turkey & Turkey",0.93,16.6|2.2|1.2
"PET5452","Vegan Cat Food, Chicken & Chicken",1.31,11.9|8.2|3.0
"TOY5452","Ultra Blocks",4.41,15.5|13.6|9.7
"PET5460","Dry Cat Food, Shrimp & Shrimp",0.96,17.6|13.1|10.6
"PET5462","Gluten-free Cat Food, Chicken & Chicken",1.59,13.5|9.0|6.0
"PET5472","Gluten-free Senior Cat Food, Beef & Beef",1.57,14.3|7.9|3.1
"DLI5479","Kasha Latke",1.18,17.6|5.0|3.9
"PET5481","Wet Senior Cat Food, Tuna & Tuna",1.21,16.3|3.9|0.4
"PET5483","Gluten-free Adult Cat Food, Beef & Beef",1.77,6.5|3.7|2.9
"PET5485","Wet Senior Cat Food, Duck & Duck",0.93,17.6|13.3|9.0
"PET5509","Wet Senior Cat Food, Beef & Beef",0.95,19.5|16.6|13.9
"TOY5517","Disney Fidget Toy",3.03,19.9|4.9|3.5
"PET5518","Vegan Cat Food, Pumpkin & Pumpkin",1.40,19.1|11.9|0.1
"TOY5534","Toy Crayons",2.11,19.1|6.8|2.8
"PET5558","Wet Cat Food, Duck & Duck",0.98,4.1|3.1|2.6
"PET5559","Dry Senior Cat Food, Beef & Beef",0.97,15.7|1.9|1.2
"PET5566","Wet Cat Food, Salmon & Salmon",1.07,11.7|6.1|3.5
"PET5567","Wet Senior Cat Food, Chicken & Chicken",1.03,13.6|8.0|3.3
"TOY5568","Lego Doll",14.45,11.6|11.3|2.9
"TOY5578","Lego Ball",3.49,13.5|12.3|7.2
"TOY5584","Disney Hebrew Blocks",10.45,7.9|3.5|0.8
"PET5591","Vegan Cat Food, Salmon & Salmon",1.39,17.1|15.1|7.6
"PET5595","Vegan Cat Food, Duck & Duck",1.62,16.0|11.5|0.3
"DLI5600","Broccoli Latke",1.16,19.1|14.6|6.6
"TOY5603","Transformers Blocks",4.94,5.2|2.5|1.5
"PET5610","Dry Senior Cat Food, Shrimp & Shrimp",0.97,17.8|4.9|3.4
"PET5616","Vegan Adult Cat Food, Shrimp & Shrimp",1.52,18.5|5.6|0.2
"PET5618","Vegan Senior Cat Food, Tuna & Tuna",1.59,16.4|11.7|9.7
"PET5623","Dry Adult Cat Food, Beef & Beef",1.06,16.4|15.8|0.8
"PET5637","Gluten-free Cat Food, Shrimp & Shrimp",1.52,17.3|7.5|0.5
"TOY5640","Manual Toy Soldier",10.46,19.4|16.0|10.6
"PET5670","Vegan Adult Cat Food, Duck & Duck",1.73,11.9|10.1|7.8
"TOY5699","Vintage Blocks",6.29,10.9|2.9|2.2
"BKY5717","Caraway Bagel",1.03,11.3|2.3|1.6
"PET5719","Wet Senior Cat Food, Chicken & Chicken",1.13,11.2|9.4|8.4
"PET5727","Dry Senior Cat Food, Chicken & Chicken",0.82,19.8|15.0|3.7
"TOY5728","Tonka Dreidel",2.56,14.8|12.5|3.3
"TOY5745","Marvel Silly Bandz",4.12,19.1|17.8|16.3
"PET5751","Wet Adult Cat Food, Shrimp & Shrimp",1.16,19.2|18.6|9.6
"BKY5758","Raspberry Rugelach",1.01,13.2|11.8|8.2
"PET5759","Gluten-free Cat Food, Shrimp & Shrimp",1.45,18.3|11.6|7.4
"TOY5767","Ultra Slinky",2.90,16.2|6.5|4.2
"TOY5782","Tonka Blocks",4.52,8.7|5.5|2.4
"PET5792","Vegan Senior Cat Food, Turkey & Turkey",1.54,19.9|12.5|1.8
"PET5795","Dry Senior Cat Food, Beef & Beef",1.12,17.3|10.3|3.9
"TOY5805","Star Wars Hebrew Blocks",6.43,17.9|11.2|7.0
"TOY5810","Vintage Airplane",14.22,13.0|9.9|0.2
"PET5811","Wet Adult Cat Food, Duck & Duck",0.90,13.4|7.5|2.0
"COL5848","Noah's Jersey (red)",10.99,9.5|5.2|4.8
"PET5855","Dry Senior Cat Food, Pumpkin & Pumpkin",1.04,14.5|7.3|4.9
"TOY5864","Ultra Ball",2.87,13.3|6.6|3.1
"PET5868","Vegan Adult Cat Food, Duck & Duck",1.49,17.1|16.6|3.6
"TOY5873","Automatic Airplane",10.65,12.3|8.8|8.7
"PET5874","Wet Senior Cat Food, Tuna & Tuna",1.11,18.3|9.5|6.8
"DLI5878","Kasha Blintz",1.04,7.3|4.1|1.8
"PET5883","Dry Cat Food, Chicken & Chicken",1.14,18.0|3.1|2.1
"PET5884","Dry Cat Food, Salmon & Salmon",1.05,16.1|16.1|9.7
"PET5891","Wet Cat Food, Salmon & Salmon",1.04,18.9|12.2|3.0
"PET5897","Dry Cat Food, Beef & Beef",0.99,14.7|8.9|0.5
"PET5924","Gluten-free Cat Food, Beef & Beef",1.34,8.7|6.9|4.8
"TOY5924","Tonka Hebrew Blocks",2.87,17.9|12.0|2.4
"PET5926","Gluten-free Cat Food, Turkey & Turkey",1.74,18.9|18.0|1.1
"PET5942","Vegan Senior Cat Food, Pumpkin & Pumpkin",1.55,19.9|12.2|2.5
"TOY5962","Mini Crayons",2.88,17.0|10.2|4.9
"TOY5979","Jigsaw Puzzle (Moses and the Burning Bush)",1.55,16.8|10.9|10.4
"DLI5990","Salted Salmon Sandwich",1.02,10.1|8.1|3.0
"PET5996","Wet Senior Cat Food, Pumpkin & Pumpkin",0.92,18.1|4.4|4.0
"PET5998","Gluten-free Senior Cat Food, Duck & Duck",1.55,7.6|4.0|2.1
"PET6003","Vegan Cat Food, Beef & Beef",1.40,19.6|9.0|0.2
"TOY6025","Power Dreidel",3.17,15.2|5.0|1.9
"PET6032","Wet Adult Cat Food, Shrimp & Shrimp",1.09,18.0|14.2|7.3
"TOY6034","Mechanical Blocks",3.84,15.1|12.7|0.8
"COL6049","Noah's Lunchbox (orange)",9.87,9.3|7.6|1.5
"TOY6059","Mechanical Airplane",14.67,4.6|3.4|1.9
"PET6087","Wet Cat Food, Shrimp & Shrimp",0.96,13.4|7.1|5.4
"TOY6099","Disney Toy Soldier",30.93,19.3|8.4|4.0
"DLI6109","Salted Egg Sandwich",1.06,7.2|4.4|3.8
"TOY6110","Toy Fidget Toy",0.76,17.3|8.1|2.2
"TOY6121","Tonka Ball",3.44,15.7|5.1|1.0
"PET6122","Wet Adult Cat Food, Tuna & Tuna",0.99,18.0|11.7|5.6
"PET6132","Vegan Adult Cat Food, Beef & Beef",1.70,18.8|16.9|13.4
"TOY6144","Manual Dreidel",2.81,17.6|15.3|5.5
"PET6150","Dry Senior Cat Food, Beef & Beef",0.90,16.0|9.9|9.9
"PET6158","Wet Senior Cat Food, Duck & Duck",0.89,12.4|11.7|6.4
"DLI6168","Salted Cucumber Salad",1.03,19.2|12.3|1.6
"PET6174","Dry Adult Cat Food, Duck & Duck",1.07,12.6|9.7|3.4
"PET6175","Wet Adult Cat Food, Pumpkin & Pumpkin",1.21,13.1|9.6|3.7
"PET6192","Gluten-free Adult Cat Food, Chicken & Chicken",1.55,13.4|8.0|4.5
"DLI6192","Salted Cabbage Sandwich",1.13,4.0|1.6|1.5
"TOY6192","Noah's Board Game",16.03,17.8|11.8|7.9
"PET6197","Wet Senior Cat Food, Shrimp & Shrimp",0.95,18.1|15.9|10.4
"PET6220","Vegan Adult Cat Food, Duck & Duck",1.55,18.0|14.0|13.6
"TOY6225","Mini Silly Bandz",2.96,13.8|13.6|7.2
"PET6236","Wet Cat Food, Duck & Duck",0.79,10.0|6.6|2.2
"PET6255","Dry Cat Food, Tuna & Tuna",1.05,9.7|9.5|7.9
"PET6262","Vegan Cat Food, Chicken & Chicken",1.69,16.7|12.5|9.2
"PET6282","Wet Adult Cat Food, Pumpkin & Pumpkin",0.93,20.0|7.8|1.0
"TOY6295","Handmade Crayons",6.27,10.4|5.2|0.6
"PET6314","Wet Adult Cat Food, Salmon & Salmon",0.87,18.8|12.0|9.2
"TOY6315","Star Wars Airplane",25.27,9.0|3.6|2.7
"PET6320","Dry Cat Food, Turkey & Turkey",1.01,16.2|13.5|5.8
"PET6321","Gluten-free Adult Cat Food, Chicken & Chicken",1.43,18.8|17.3|7.1
"COL6332","Noah's Action Figure (magenta)",14.52,19.9|18.4|16.8
"PET6351","Dry Senior Cat Food, Duck & Duck",1.18,7.7|0.9|0.4
"TOY6374","Jigsaw Puzzle (Parting the Red Sea)",1.56,11.8|1.2|0.6
"BKY6379","Caraway Puff",0.88,14.5|6.3|4.7
"PET6380","Wet Cat Food, Beef & Beef",1.09,19.6|16.6|12.3
"COL6388","Noah's Gift Box (magenta)",3.28,19.0|9.5|2.2
"PET6404","Vegan Senior Cat Food, Turkey & Turkey",1.52,10.9|3.9|2.0
"PET6409","Vegan Cat Food, Pumpkin & Pumpkin",1.50,10.3|7.1|5.8
"PET6420","Wet Senior Cat Food, Chicken & Chicken",0.94,18.6|9.4|4.8
"PET6423","Vegan Cat Food, Salmon & Salmon",1.70,13.8|12.5|8.7
"PET6429","Wet Adult Cat Food, Chicken & Chicken",1.07,6.2|5.5|2.3
"PET6444","Wet Adult Cat Food, Duck & Duck",0.98,13.0|8.2|5.9
"PET6445","Gluten-free Cat Food, Tuna & Tuna",1.36,2.2|1.4|0.8
"PET6448","Gluten-free Senior Cat Food, Shrimp & Shrimp",1.41,16.9|16.8|7.6
"PET6457","Wet Senior Cat Food, Shrimp & Shrimp",1.03,18.7|17.4|12.8
"PET6459","Wet Cat Food, Salmon & Salmon",1.00,11.7|10.0|4.2
"COL6461","Noah's Jersey (white)",9.36,18.8|3.8|1.3
"PET6469","Vegan Cat Food, Pumpkin & Pumpkin",1.35,11.2|10.3|10.0
"TOY6469","Transformers Toy Soldier",12.13,15.1|2.8|0.0
"PET6476","Gluten-free Cat Food, Shrimp & Shrimp",1.71,15.3|4.5|4.0
"TOY6482","Power Silly Bandz",3.14,17.2|13.9|1.3
"PET6495","Dry Cat Food, Duck & Duck",1.12,17.2|13.4|5.2
"PET6499","Dry Adult Cat Food, Duck & Duck",1.02,15.8|7.9|0.1
"PET6509","Dry Adult Cat Food, Chicken & Chicken",0.98,18.1|16.4|7.3
"PET6513","Vegan Adult Cat Food, Pumpkin & Pumpkin",1.65,14.8|13.5|4.1
"PET6522","Vegan Adult Cat Food, Beef & Beef",1.58,6.7|3.3|0.2
"COL6537","Noah's Poster (purple)",3.51,4.0|2.0|1.3
"PET6550","Wet Senior Cat Food, Tuna & Tuna",1.24,12.4|4.1|3.9
"DLI6554","Smoked Herring Sandwich",1.02,13.0|13.0|8.6
"TOY6557","Electric Yoyo",5.86,13.5|11.0|9.9
"PET6560","Wet Senior Cat Food, Pumpkin & Pumpkin",0.76,14.2|7.9|3.6
"TOY6565","Tonka Doll",9.86,16.3|9.6|5.6
"PET6585","Gluten-free Cat Food, Pumpkin & Pumpkin",1.49,11.0|7.8|0.4
"PET6595","Dry Senior Cat Food, Duck & Duck",1.05,8.5|8.4|3.8
"TOY6599","Mega Silly Bandz",2.91,12.9|12.5|6.5
"PET6603","Adult Guinea Pig Food",0.50,16.5|6.7|0.5
"BKY6606","Sesame Bialy",0.97,19.0|9.3|6.6
"PET6617","Dry Adult Cat Food, Beef & Beef",0.98,14.2|9.7|1.9
"PET6619","Gluten-free Adult Cat Food, Shrimp & Shrimp",1.42,18.4|13.8|1.9
"TOY6620","Star Wars Fidget Toy",2.13,14.8|7.8|4.9
"PET6626","Gluten-free Adult Cat Food, Shrimp & Shrimp",1.54,16.6|15.8|7.3
"PET6633","Gluten-free Senior Cat Food, Tuna & Tuna",1.22,8.6|4.8|1.7
"PET6634","Gluten-free Senior Cat Food, Turkey & Turkey",1.68,15.0|8.7|4.1
"PET6646","Vegan Cat Food, Beef & Beef",1.38,15.0|7.4|4.9
"PET6661","Vegan Adult Cat Food, Duck & Duck",1.68,14.0|12.5|6.0
"PET6668","Wet Senior Cat Food, Salmon & Salmon",1.11,16.4|11.0|2.1
"TOY6686","Transformers Airplane",12.84,15.3|14.4|2.7
"PET6706","Gluten-free Adult Cat Food, Pumpkin & Pumpkin",1.26,13.7|4.8|1.0
"PET6708","Wet Cat Food, Shrimp & Shrimp",0.87,13.2|7.5|0.2
"TOY6713","Vintage Dreidel",5.00,17.2|11.6|4.4
"BKY6734","Poppyseed Hamentash",0.96,20.0|14.1|13.3
"PET6740","Wet Senior Cat Food, Duck & Duck",0.96,16.5|12.3|8.4
"PET6747","Vegan Senior Cat Food, Duck & Duck",1.85,8.9|7.8|4.9
"TOY6750","Tonka Train",10.88,19.2|13.0|0.3
"PET6752","Wet Adult Cat Food, Salmon & Salmon",1.07,13.3|8.6|3.5
"PET6769","Wet Senior Cat Food, Beef & Beef",0.97,19.7|7.7|2.0
"PET6771","Vegan Senior Cat Food, Turkey & Turkey",1.54,7.7|6.4|5.2
"PET6775","Gluten-free Adult Cat Food, Beef & Beef",1.43,10.2|7.4|4.0
"PET6778","Gluten-free Senior Cat Food, Turkey & Turkey",1.24,16.4|12.6|2.4
"PET6782","Adult Hamster Food",0.40,5.3|2.3|0.6
"PET6784","Vegan Adult Cat Food, Beef & Beef",1.48,18.3|8.1|1.9
"PET6786","Wet Cat Food, Salmon & Salmon",1.16,9.2|9.2|7.6
"PET6794","Senior Hamster Food",0.35,8.5|5.2|1.8
"PET6796","Vegan Senior Cat Food, Duck & Duck",1.74,16.1|14.5|2.5
"TOY6806","Handmade Silly Bandz",5.15,18.9|18.7|4.6
"DLI6820","Salted Cucumber Sandwich",0.97,15.8|4.4|0.5
"PET6823","Wet Cat Food, Duck & Duck",0.96,9.9|5.6|2.6
"PET6824","Adult Bird Food",0.77,17.9|8.9|7.7
"PET6834","Wet Cat Food, Beef & Beef",0.93,19.1|18.1|2.4
"PET6838","Vegan Cat Food, Turkey & Turkey",1.38,19.2|17.3|8.3
"PET6853","Gluten-free Adult Cat Food, Duck & Duck",1.65,17.9|9.6|1.9
"COL6858","Noah's Jersey (blue)",10.60,16.0|6.6|4.0
"TOY6881","Automatic Slinky",2.75,11.3|2.5|0.6
"TOY6887","Noah's Toy Soldier",9.44,16.5|12.5|2.6
"TOY6890","Manual Airplane",11.38,16.3|5.0|2.2
"PET6892","Gluten-free Cat Food, Turkey & Turkey",1.23,13.4|4.7|0.6
"PET6904","Gluten-free Cat Food, Salmon & Salmon",1.48,13.3|6.0|0.7
"TOY6913","Manual Stickers",1.05,13.5|8.8|4.1
"PET6940","Wet Cat Food, Beef & Beef",1.24,18.3|16.8|6.2
"DLI6940","Salted Cabbage Salad",0.93,19.7|14.6|7.0
"PET6941","Wet Cat Food, Tuna & Tuna",0.98,17.1|3.7|0.7
"PET6955","Gluten-free Cat Food, Chicken & Chicken",1.61,8.0|5.3|4.7
"PET6966","Vegan Senior Cat Food, Turkey & Turkey",1.76,15.0|5.3|0.5
"PET6973","Wet Senior Cat Food, Tuna & Tuna",1.13,15.6|9.9|0.1
"TOY6977","Super Doll",9.56,13.7|12.6|7.8
"PET6983","Wet Adult Cat Food, Duck & Duck",1.16,18.6|8.5|6.7
"PET6986","Dry Cat Food, Salmon & Salmon",1.21,13.5|5.3|3.5
"PET7017","Wet Cat Food, Pumpkin & Pumpkin",1.04,17.2|13.7|11.2
"PET7018","Wet Senior Cat Food, Beef & Beef",0.94,15.7|5.9|0.4
"TOY7025","Lego Slinky",3.27,19.2|6.0|2.8
"COL7036","Noah's Gift Box (red)",3.04,18.5|15.7|6.3
"PET7038","Vegan Adult Cat Food, Tuna & Tuna",1.60,16.5|4.9|2.0
"DLI7039","Dilled Egg Salad",0.99,19.0|18.6|11.6
"PET7051","Wet Senior Cat Food, Duck & Duck",0.83,13.9|13.3|9.0
"COL7063","Noah's Poster (azure)",4.11,17.8|15.2|1.9
"PET7071","Wet Cat Food, Salmon & Salmon",1.04,6.0|5.4|4.6
"BKY7075","Poppyseed Babka",1.12,14.4|4.5|1.2
"PET7076","Dry Senior Cat Food, Turkey & Turkey",0.96,8.7|7.7|2.7
"PET7082","Wet Cat Food, Turkey & Turkey",1.17,14.4|7.6|6.6
"PET7091","Senior Bird Food",0.70,19.2|14.5|12.1
"PET7099","Wet Senior Cat Food, Beef & Beef",0.95,16.7|9.5|5.8
"PET7101","Dry Senior Cat Food, Turkey & Turkey",1.03,11.3|9.1|1.1
"PET7106","Adult Lizard Food",0.99,16.2|14.6|7.0
"PET7115","Vegan Cat Food, Pumpkin & Pumpkin",1.54,18.8|11.8|1.8
"PET7116","Vegan Cat Food, Tuna & Tuna",1.74,15.8|6.4|5.1
"TOY7121","Toy Toy Soldier",7.21,19.7|19.0|15.8
"PET7138","Dry Cat Food, Tuna & Tuna",0.95,17.7|14.7|7.0
"PET7140","Vegan Cat Food, Tuna & Tuna",1.65,8.4|5.4|2.4
"PET7145","Wet Cat Food, Turkey & Turkey",1.06,18.0|9.3|9.1
"PET7146","Vegan Senior Cat Food, Salmon & Salmon",1.40,16.3|9.0|2.9
"TOY7147","Noah's Doll",9.73,5.0|1.9|1.3
"PET7149","Wet Cat Food, Beef & Beef",1.00,15.3|12.7|9.7
"PET7166","Vegan Senior Cat Food, Duck & Duck",1.21,13.5|4.8|0.6
"DLI7179","Smoked Salmon Sandwich",0.99,17.8|16.0|13.5
"PET7186","Gluten-free Senior Cat Food, Beef & Beef",1.51,17.9|11.9|0.1
"PET7187","Ferret",0.53,9.9|7.7|3.2
"PET7193","Gluten-free Senior Cat Food, Beef & Beef",1.67,13.0|10.4|9.6
"PET7204","Wet Senior Cat Food, Turkey & Turkey",1.04,19.9|8.8|0.5
"TOY7208","Electric Airplane",12.70,9.7|8.3|6.4
"PET7212","Dry Adult Cat Food, Salmon & Salmon",0.96,10.2|7.8|0.4
"PET7213","Gluten-free Adult Cat Food, Turkey & Turkey",1.73,17.9|13.9|8.2
"PET7214","Wet Cat Food, Shrimp & Shrimp",0.94,7.5|6.1|4.8
"TOY7218","Power Hebrew Blocks",2.58,17.8|8.0|2.0
"PET7222","Wet Senior Cat Food, Chicken & Chicken",1.05,8.6|5.1|3.4
"PET7236","Dry Senior Cat Food, Salmon & Salmon",0.98,13.0|12.4|5.6
"PET7239","Rabbit",2.14,16.0|11.4|11.3
"PET7241","Wet Cat Food, Turkey & Turkey",1.10,15.4|4.8|4.2
"PET7245","Dry Senior Cat Food, Chicken & Chicken",1.04,10.6|8.4|4.6
"PET7253","Dry Adult Cat Food, Beef & Beef",0.99,16.7|4.1|1.2
"PET7254","Adult Mouse Food",0.46,18.8|6.4|5.6
"TOY7303","Marvel Train",16.52,18.7|12.7|11.6
"PET7305","Vegan Cat Food, Duck & Duck",1.65,14.9|14.5|13.7
"TOY7308","Electric Silly Bandz",3.17,17.9|17.5|9.0
"PET7309","Vegan Senior Cat Food, Chicken & Chicken",1.52,8.0|4.7|0.9
"PET7316","Gluten-free Cat Food, Beef & Beef",1.44,17.4|7.1|5.5
"PET7329","Dry Cat Food, Chicken & Chicken",0.93,12.8|10.4|3.5
"PET7346","Wet Adult Cat Food, Tuna & Tuna",0.84,19.9|6.1|0.4
"PET7360","Dry Cat Food, Pumpkin & Pumpkin",0.80,8.0|5.7|4.2
"PET7384","Gluten-free Cat Food, Chicken & Chicken",1.14,19.4|16.6|6.8
"PET7388","Vegan Senior Cat Food, Beef & Beef",1.42,17.4|7.7|7.5
"COL7389","Noah's Gift Box (yellow)",2.47,13.5|8.7|6.0
"TOY7389","Star Wars Board Game",25.77,8.8|8.2|0.3
"DLI7410","Broccoli Kugel",1.06,12.3|10.3|1.5
"PET7411","Wet Senior Cat Food, Salmon & Salmon",0.97,14.1|12.6|5.6
"PET7417","Gluten-free Cat Food, Shrimp & Shrimp",1.43,12.8|10.8|8.3
"PET7436","Vegan Cat Food, Shrimp & Shrimp",1.21,19.4|10.2|4.3
"PET7441","Gluten-free Senior Cat Food, Turkey & Turkey",1.48,19.4|18.5|12.5
"PET7443","Dry Adult Cat Food, Beef & Beef",1.09,19.5|10.9|2.4
"PET7448","Gluten-free Senior Cat Food, Duck & Duck",1.41,11.1|10.0|4.9
"TOY7449","Mini Yoyo",4.80,19.6|11.3|4.9
"PET7451","Gluten-free Senior Cat Food, Beef & Beef",1.62,19.7|14.9|7.3
"COL7454","Noah's Jersey (mauve)",8.19,19.1|18.2|3.5
"PET7455","Wet Adult Cat Food, Chicken & Chicken",0.97,19.0|2.9|1.4
"TOY7455","Transformers Board Game",18.86,19.2|9.8|9.0
"PET7460","Gluten-free Cat Food, Beef & Beef",1.49,12.2|8.6|5.0
"PET7463","Dry Senior Cat Food, Shrimp & Shrimp",1.05,19.5|6.9|5.9
"PET7484","Dry Senior Cat Food, Duck & Duck",1.18,11.0|5.0|4.2
"COL7484","Noah's Action Figure (red)",17.33,19.0|9.3|0.4
"TOY7490","Disney Doll",30.44,10.6|4.2|2.9
"TOY7498","Manual Doll",11.18,16.8|12.8|0.2
"PET7522","Wet Cat Food, Beef & Beef",1.02,15.7|10.7|3.9
"TOY7522","Ultra Crayons",2.37,19.2|17.7|14.0
"PET7526","Gluten-free Senior Cat Food, Salmon & Salmon",1.69,15.5|8.1|5.8
"PET7533","Senior Lizard Food",0.94,14.0|11.5|0.1
"BKY7535","Poppyseed Sufganiah",0.85,16.7|11.1|3.4
"PET7543","Vegan Senior Cat Food, Salmon & Salmon",1.44,16.9|14.3|7.0
"PET7547","Gluten-free Adult Cat Food, Tuna & Tuna",1.41,19.4|11.3|5.4
"PET7549","Vegan Adult Cat Food, Pumpkin & Pumpkin",1.53,10.8|9.5|5.5
"PET7551","Wet Senior Cat Food, Pumpkin & Pumpkin",1.08,17.0|11.0|4.3
"COL7568","Noah's Jersey (azure)",11.22,19.4|15.8|6.9
"TOY7586","Electric Stickers",1.27,14.7|7.2|6.9
"PET7604","Vegan Senior Cat Food, Chicken & Chicken",1.58,17.2|12.4|10.2
"DLI7616","Pickled Salmon Salad",1.11,7.9|6.9|1.3
"PET7618","Wet Adult Cat Food, Turkey & Turkey",1.08,9.5|7.9|4.4
"DLI7632","Pickled Cucumber Sandwich",1.04,14.6|0.6|0.4
"TOY7634","Mechanical Train",14.01,16.3|7.3|4.4
"PET7641","Gluten-free Senior Cat Food, Tuna & Tuna",1.59,10.5|6.8|3.0
"PET7652","Vegan Senior Cat Food, Salmon & Salmon",1.63,19.8|9.3|8.9
"PET7654","Vegan Senior Cat Food, Beef & Beef",1.23,17.8|9.1|2.4
"COL7663","Noah's Poster (white)",4.07,5.6|4.8|4.1
"PET7689","Wet Cat Food, Turkey & Turkey",0.88,12.6|12.1|6.2
"TOY7690","Disney Crayons",9.73,15.3|8.1|4.1
"PET7692","Wet Cat Food, Duck & Duck",1.06,12.6|10.4|8.0
"PET7715","Gluten-free Senior Cat Food, Beef & Beef",1.34,13.9|9.6|1.4
"COL7715","Noah's Bobblehead (magenta)",4.79,15.1|8.2|2.3
"BKY7716","Caraway Twist",1.12,12.9|9.4|6.7
"TOY7718","Mini Stickers",1.00,19.8|18.9|3.1
"PET7719","Gluten-free Adult Cat Food, Chicken & Chicken",1.41,17.8|10.1|4.9
"PET7725","Dry Cat Food, Chicken & Chicken",0.88,5.3|1.0|0.7
"DLI7727","Salted Whitefish Salad",1.08,13.8|1.8|1.3
"PET7731","Wet Senior Cat Food, Beef & Beef",1.02,12.5|3.4|1.5
"TOY7748","Star Wars Slinky",5.96,11.6|1.9|1.8
"PET7770","Wet Cat Food, Tuna & Tuna",1.06,17.3|8.7|3.6
"PET7785","Dry Adult Cat Food, Beef & Beef",1.01,17.3|8.7|6.2
"PET7787","Wet Senior Cat Food, Turkey & Turkey",0.92,8.8|7.4|4.8
"TOY7787","Lego Fidget Toy",1.14,9.4|8.5|4.0
"PET7789","Wet Cat Food, Pumpkin & Pumpkin",0.96,14.0|7.1|2.7
"PET7807","Gluten-free Cat Food, Shrimp & Shrimp",1.52,14.0|10.6|3.4
"PET7808","Gluten-free Adult Cat Food, Duck & Duck",1.49,19.9|18.3|12.5
"PET7811","Snake",0.89,15.7|15.0|10.5
"PET7812","Gluten-free Adult Cat Food, Pumpkin & Pumpkin",1.35,19.8|17.4|2.0
"PET7828","Dry Adult Cat Food, Tuna & Tuna",0.95,11.4|10.7|10.0
"TOY7828","Disney Board Game",47.62,18.3|16.1|1.4
"TOY7831","Handmade Fidget Toy",2.10,18.6|16.9|12.1
"PET7843","Gluten-free Senior Cat Food, Turkey & Turkey",1.27,15.3|14.8|8.7
"PET7858","Vegan Cat Food, Duck & Duck",1.51,19.4|12.8|10.9
"COL7866","Noah's Gift Box (white)",3.06,8.8|7.4|5.9
"PET7870","Vegan Adult Cat Food, Shrimp & Shrimp",1.85,17.7|16.9|3.5
"TOY7872","Electric Dreidel",3.64,18.4|7.9|3.3
"TOY7876","Manual Board Game",17.82,19.6|4.5|0.8
"PET7883","Dry Cat Food, Beef & Beef",0.95,14.3|5.4|5.0
"PET7890","Vegan Senior Cat Food, Salmon & Salmon",1.57,7.6|4.2|1.3
"PET7892","Gluten-free Cat Food, Duck & Duck",1.47,19.5|18.6|16.8
"TOY7892","Manual Hebrew Blocks",3.02,14.7|13.7|0.0
"PET7899","Gluten-free Cat Food, Shrimp & Shrimp",1.59,13.2|9.5|0.8
"DLI7904","Pickled Herring Sandwich",0.97,8.8|3.4|2.6
"PET7912","Wet Cat Food, Beef & Beef",1.02,4.1|2.2|2.1
"PET7925","Wet Adult Cat Food, Shrimp & Shrimp",1.09,17.6|13.8|9.2
"PET7932","Gluten-free Senior Cat Food, Chicken & Chicken",1.46,9.4|8.6|0.3
"TOY7932","Star Wars Toy Soldier",19.55,11.0|7.9|0.1
"PET7939","Dry Adult Cat Food, Shrimp & Shrimp",0.99,19.9|13.4|6.6
"PET7945","Vegan Cat Food, Shrimp & Shrimp",1.46,17.3|8.4|8.3
"PET7952","Wet Senior Cat Food, Beef & Beef",0.93,11.4|6.4|1.2
"COL7955","Noah's Action Figure (green)",12.96,8.8|6.8|1.5
"PET7957","Vegan Adult Cat Food, Turkey & Turkey",1.32,11.5|4.1|3.8
"TOY7967","Electric Board Game",16.36,13.3|12.8|8.8
"TOY7968","Lego Airplane",12.13,18.7|6.5|6.3
"PET7990","Gluten-free Senior Cat Food, Beef & Beef",1.19,19.6|19.3|0.0
"PET8005","Wet Cat Food, Pumpkin & Pumpkin",0.90,11.4|8.3|0.3
"PET8007","Vegan Adult Cat Food, Turkey & Turkey",1.50,19.6|14.5|13.7
"PET8022","Gluten-free Cat Food, Pumpkin & Pumpkin",1.39,18.1|7.6|2.0
"PET8041","Dry Cat Food, Tuna & Tuna",0.94,10.8|6.3|2.8
"PET8044","Wet Cat Food, Duck & Duck",1.03,17.6|10.5|5.5
"PET8064","Dry Cat Food, Pumpkin & Pumpkin",0.90,18.8|10.3|5.8
"PET8083","Gluten-free Adult Cat Food, Shrimp & Shrimp",1.51,12.1|9.4|5.4
"PET8085","Dog",0.99,14.7|13.2|6.4
"PET8087","Wet Cat Food, Tuna & Tuna",1.08,17.9|6.4|3.8
"COL8116","Noah's Jewelry (azure)",26.18,18.4|12.2|7.1
"PET8122","Vegan Adult Cat Food, Tuna & Tuna",1.48,11.3|11.2|4.6
"PET8129","Dry Adult Cat Food, Duck & Duck",1.03,18.7|14.4|2.7
"PET8130","Vegan Adult Cat Food, Beef & Beef",1.17,15.5|9.8|6.9
"TOY8141","Star Wars Dreidel",6.22,18.8|12.4|10.0
"PET8182","Vegan Senior Cat Food, Salmon & Salmon",1.28,10.5|2.5|2.2
"PET8189","Vegan Senior Cat Food, Turkey & Turkey",1.69,12.4|5.5|1.4
"PET8190","Vegan Adult Cat Food, Chicken & Chicken",1.68,16.7|16.1|6.1
"PET8207","Wet Cat Food, Salmon & Salmon",0.91,15.5|12.7|1.3
"TOY8209","Transformers Silly Bandz",3.64,12.9|9.8|7.4
"PET8216","Vegan Senior Cat Food, Shrimp & Shrimp",1.42,10.9|6.0|5.1
"PET8219","Vegan Senior Cat Food, Turkey & Turkey",1.74,19.3|10.0|4.9
"PET8244","Wet Cat Food, Shrimp & Shrimp",0.98,6.2|5.0|1.7
"TOY8244","Manual Crayons",2.98,16.8|12.4|5.7
"PET8263","Wet Cat Food, Shrimp & Shrimp",1.01,16.1|5.0|4.9
"PET8271","Gluten-free Senior Cat Food, Shrimp & Shrimp",1.52,8.1|7.4|1.6
"TOY8274","Marvel Fidget Toy",1.59,17.4|15.2|6.5
"TOY8287","Tonka Toy Soldier",9.35,18.3|18.1|15.9
"PET8299","Rat",0.45,18.1|15.3|14.9
"TOY8302","Ultra Airplane",11.09,18.4|14.5|13.9
"PET8303","Gluten-free Cat Food, Salmon & Salmon",1.30,19.4|11.9|8.8
"TOY8310","Toy Train",7.84,12.2|8.0|7.4
"PET8317","Wet Cat Food, Salmon & Salmon",0.83,19.3|16.9|11.5
"PET8325","Gluten-free Senior Cat Food, Beef & Beef",1.68,11.4|4.8|4.1
"TOY8330","Automatic Crayons",3.48,14.2|11.1|4.0
"COL8354","Noah's Lunchbox (purple)",7.12,19.7|17.6|16.6
"PET8355","Vegan Cat Food, Pumpkin & Pumpkin",1.61,10.9|9.1|3.2
"COL8357","Noah's Lunchbox (mauve)",9.21,19.9|17.4|9.8
"TOY8361","Toy Dreidel",2.22,16.9|14.6|13.9
"PET8369","Dry Adult Cat Food, Pumpkin & Pumpkin",1.13,18.7|4.5|3.0
"PET8387","Gluten-free Adult Cat Food, Duck & Duck",1.47,19.6|15.3|4.7
"PET8396","Dry Cat Food, Turkey & Turkey",0.87,16.1|8.6|8.2
"COL8402","Noah's Lunchbox (red)",11.83,19.4|7.5|1.5
"PET8404","Vegan Cat Food, Chicken & Chicken",1.62,16.8|9.1|8.9
"TOY8407","Automatic Ball",2.78,16.3|14.9|2.2
"PET8415","Gluten-free Cat Food, Turkey & Turkey",1.54,19.5|15.1|11.0
"PET8427","Dry Adult Cat Food, Chicken & Chicken",1.12,18.7|9.6|4.0
"PET8448","Gluten-free Senior Cat Food, Shrimp & Shrimp",1.68,16.9|16.7|11.3
"TOY8448","Star Wars Silly Bandz",6.26,10.9|4.7|4.1
"PET8449","Wet Adult Cat Food, Salmon & Salmon",0.92,16.9|10.9|10.1
"TOY8451","Power Stickers",0.93,16.5|11.7|2.3
"TOY8460","Super Silly Bandz",2.79,18.6|12.2|4.0
"TOY8466","Tonka Airplane",12.33,10.4|6.6|3.5
"PET8473","Gluten-free Cat Food, Pumpkin & Pumpkin",1.70,9.5|9.5|0.9
"DLI8488","Dilled Herring Salad",1.06,15.0|10.0|2.5
"PET8489","Vegan Adult Cat Food, Pumpkin & Pumpkin",1.72,6.7|2.3|0.8
"PET8496","Dry Adult Cat Food, Tuna & Tuna",0.87,14.6|11.6|0.7
"COL8501","Noah's Jewelry (red)",24.24,11.4|11.4|5.0
"TOY8509","Lego Dreidel",3.79,8.2|4.1|2.8
"TOY8516","Mega Train",11.98,14.4|9.9|1.6
"PET8523","Gluten-free Senior Cat Food, Chicken & Chicken",1.41,18.1|16.4|4.7
"PET8543","Wet Senior Cat Food, Shrimp & Shrimp",1.03,7.7|2.7|2.5
"BKY8544","Raspberry Babka",0.88,15.4|14.1|14.0
"DLI8564","Smoked Cabbage Salad",1.19,15.9|11.2|4.6
"PET8566","Vegan Cat Food, Shrimp & Shrimp",1.41,11.3|6.6|3.1
"TOY8573","Noah's Airplane",13.04,20.0|18.5|15.0
"PET8588","Gluten-free Adult Cat Food, Salmon & Salmon",1.67,14.6|14.5|6.6
"PET8589","Gluten-free Senior Cat Food, Pumpkin & Pumpkin",1.06,13.5|13.0|1.0
"PET8592","Wet Senior Cat Food, Tuna & Tuna",1.03,4.1|2.0|1.0
"PET8593","Wet Adult Cat Food, Salmon & Salmon",1.06,16.0|15.1|7.7
"DLI8593","Pickled Salmon Sandwich",0.98,18.2|18.0|10.0
"TOY8597","Mini Train",11.49,6.0|3.0|2.1
"PET8609","Vegan Adult Cat Food, Beef & Beef",1.61,10.3|9.4|6.2
"PET8621","Dry Adult Cat Food, Duck & Duck",0.95,18.4|14.2|13.5
"DLI8621","Broccoli Knish",1.00,10.4|6.3|0.4
"PET8627","Vegan Adult Cat Food, Chicken & Chicken",1.44,16.5|11.7|2.0
"PET8632","Gluten-free Senior Cat Food, Shrimp & Shrimp",1.39,16.1|12.0|8.4
"PET8636","Gluten-free Senior Cat Food, Tuna & Tuna",1.72,16.8|14.5|4.6
"TOY8653","Noah's Slinky",3.38,13.1|5.7|4.1
"TOY8678","Mini Doll",11.17,17.0|12.5|8.0
"COL8686","Noah's Jewelry (white)",24.30,16.5|9.8|9.7
"TOY8693","Lego Silly Bandz",4.09,8.0|2.4|1.1
"PET8695","Vegan Adult Cat Food, Shrimp & Shrimp",1.21,13.3|4.7|2.6
"PET8701","Gluten-free Adult Cat Food, Pumpkin & Pumpkin",1.79,16.3|14.1|10.7
"TOY8708","Ultra Yoyo",4.89,15.1|8.8|3.5
"PET8711","Gluten-free Senior Cat Food, Chicken & Chicken",1.34,10.1|8.3|7.5
"PET8716","Gluten-free Adult Cat Food, Duck & Duck",1.67,10.8|3.5|1.0
"PET8735","Vegan Senior Cat Food, Shrimp & Shrimp",1.40,18.1|17.9|16.5
"PET8746","Dry Senior Cat Food, Salmon & Salmon",0.77,17.4|14.9|12.4
"PET8749","Wet Adult Cat Food, Beef & Beef",1.00,14.6|6.0|4.0
"DLI8752","Smoked Cucumber Salad",0.95,15.6|14.2|2.9
"PET8777","Vegan Cat Food, Turkey & Turkey",1.63,14.9|11.7|6.5
"TOY8782","Mega Board Game",17.76,8.6|3.7|1.5
"TOY8796","Noah's Blocks",4.46,15.2|6.5|3.2
"COL8808","Noah's Action Figure (azure)",15.28,15.5|14.2|5.7
"PET8818","Vegan Adult Cat Food, Turkey & Turkey",1.44,13.8|1.9|0.7
"TOY8819","Transformers Stickers",1.32,15.9|15.6|11.3
"DLI8820","Coffee, Drip",1.44,9.6|7.8|0.7
"PET8822","Dry Cat Food, Duck & Duck",0.92,16.4|5.3|1.1
"TOY8822","Electric Blocks",3.81,14.6|12.3|1.6
"PET8825","Wet Adult Cat Food, Pumpkin & Pumpkin",1.02,17.8|9.4|6.5
"PET8834","Senior Fish Food",0.64,11.8|8.0|1.8
"COL8834","Noah's Gift Box (purple)",2.83,15.5|14.3|4.9
"PET8840","Vegan Cat Food, Chicken & Chicken",1.47,18.9|13.7|5.1
"PET8851","Dry Cat Food, Shrimp & Shrimp",1.02,18.2|5.6|5.5
"TOY8853","Electric Train",13.19,17.1|11.0|6.8
"TOY8858","Disney Blocks",10.33,7.0|3.9|0.7
"TOY8870","Transformers Crayons",3.48,14.8|11.5|10.3
"PET8881","Dry Adult Cat Food, Salmon & Salmon",1.05,17.6|9.1|0.7
"TOY8887","Disney Yoyo",13.50,18.8|13.9|5.2
"TOY8896","Manual Fidget Toy",1.00,17.0|16.0|4.7
"PET8918","Vegan Senior Cat Food, Pumpkin & Pumpkin",1.76,16.2|9.5|4.9
"TOY8919","Transformers Train",14.23,12.9|5.3|2.4
"TOY8925","Handmade Doll",17.18,16.1|10.4|8.3
"PET8927","Gluten-free Senior Cat Food, Chicken & Chicken",1.53,19.9|19.5|4.9
"TOY8932","Super Hebrew Blocks",2.93,18.0|10.3|7.4
"BKY8935","Caraway Bialy",0.94,15.4|14.5|1.2
"PET8936","Dry Senior Cat Food, Tuna & Tuna",1.09,18.9|2.5|0.2
"TOY8943","Mega Stickers",0.91,9.0|7.7|1.9
"PET8948","Dry Senior Cat Food, Pumpkin & Pumpkin",1.06,12.0|7.0|2.6
"TOY8955","Vintage Ball",3.89,15.0|9.0|1.0
"COL8959","Noah's Jewelry (blue)",33.95,13.8|10.9|7.1
"TOY8963","Power Board Game",14.09,19.4|10.6|2.3
"PET8971","Gluten-free Cat Food, Duck & Duck",1.60,19.6|17.8|16.9
"PET8996","Gluten-free Cat Food, Salmon & Salmon",1.45,16.9|14.2|9.2
"PET9003","Vegan Senior Cat Food, Chicken & Chicken",1.46,16.1|14.0|13.0
"COL9011","Noah's Bobblehead (amber)",5.21,18.6|12.5|2.2
"PET9016","Vegan Senior Cat Food, Turkey & Turkey",1.67,11.9|6.6|4.2
"PET9025","Gluten-free Adult Cat Food, Turkey & Turkey",1.50,9.7|7.8|3.1
"PET9027","Wet Adult Cat Food, Turkey & Turkey",1.00,16.9|14.6|9.9
"COL9027","Noah's Bobblehead (white)",3.94,18.3|15.3|5.3
"PET9030","Dry Adult Cat Food, Duck & Duck",1.12,17.0|16.3|13.3
"PET9042","Wet Cat Food, Chicken & Chicken",0.99,10.2|1.9|1.9
"DLI9062","Salted Whitefish Sandwich",1.01,10.0|9.2|4.5
"COL9064","Noah's Jersey (orange)",9.19,6.1|2.6|0.6
"COL9078","Noah's Lunchbox (yellow)",9.96,17.9|14.7|9.9
"PET9082","Vegan Adult Cat Food, Duck & Duck",1.54,15.2|2.8|2.0
"PET9089","Wet Adult Cat Food, Beef & Beef",1.03,7.8|7.3|5.3
"PET9095","Vegan Cat Food, Chicken & Chicken",1.43,13.7|4.5|1.3
"PET9096","Wet Adult Cat Food, Beef & Beef",0.96,18.6|17.3|3.6
"TOY9096","Vintage Doll",14.14,9.0|9.0|6.4
"TOY9101","Handmade Hebrew Blocks",6.30,18.8|18.1|14.5
"TOY9104","Mega Doll",11.75,11.2|5.8|3.4
"PET9111","Dry Senior Cat Food, Duck & Duck",1.00,11.3|7.5|4.9
"TOY9114","Transformers Doll",11.51,19.6|10.5|8.1
"COL9116","Noah's Gift Box (azure)",3.15,14.7|6.3|5.0
"PET9136","Gluten-free Senior Cat Food, Salmon & Salmon",1.48,8.8|3.1|1.4
"PET9159","Dry Cat Food, Pumpkin & Pumpkin",1.00,16.0|9.3|5.7
"TOY9187","Super Fidget Toy",0.95,8.0|4.2|2.8
"PET9188","Dry Senior Cat Food, Chicken & Chicken",1.03,14.1|13.4|3.7
"PET9190","Hedgehog",0.74,13.1|7.4|3.3
"COL9192","Noah's Poster (amber)",4.76,19.6|16.2|11.5
"PET9199","Wet Adult Cat Food, Duck & Duck",0.97,15.5|13.4|5.4
"PET9209","Vegan Adult Cat Food, Beef & Beef",1.57,18.5|9.8|3.1
"TOY9224","Mechanical Slinky",3.19,10.7|8.0|7.6
"PET9232","Gluten-free Senior Cat Food, Duck & Duck",1.50,19.8|16.6|15.7
"DLI9235","Salted Herring Salad",1.14,15.0|3.1|1.0
"TOY9237","Automatic Hebrew Blocks",3.07,17.8|17.3|9.7
"COL9241","Noah's Gift Box (orange)",2.43,17.4|13.1|2.2
"TOY9241","Mechanical Fidget Toy",1.10,14.5|12.0|1.3
"TOY9242","Mechanical Yoyo",5.44,20.0|12.0|0.4
"PET9246","Dry Adult Cat Food, Duck & Duck",0.97,13.7|2.7|1.9
"DLI9247","Pickled Egg Sandwich",1.05,17.5|11.2|6.2
"PET9248","Dry Cat Food, Turkey & Turkey",1.06,16.9|13.5|5.9
"PET9262","Gluten-free Senior Cat Food, Pumpkin & Pumpkin",1.24,17.1|12.5|10.3
"DLI9266","Health Soup",0.99,6.4|0.2|0.0
"PET9269","Hamster Food",0.51,4.0|0.1|0.0
"PET9270","Wet Senior Cat Food, Beef & Beef",1.02,6.8|5.0|1.7
"PET9272","Dry Adult Cat Food, Salmon & Salmon",1.02,18.8|10.3|7.3
"PET9273","Dry Senior Cat Food, Turkey & Turkey",1.12,13.0|10.3|6.8
"PET9300","Vegan Cat Food, Shrimp & Shrimp",1.54,17.1|9.4|0.6
"PET9308","Vegan Adult Cat Food, Tuna & Tuna",1.40,17.0|6.7|4.0
"PET9316","Vegan Cat Food, Turkey & Turkey",1.42,19.1|2.9|2.2
"TOY9337","Manual Train",11.97,12.2|10.8|7.1
"TOY9342","Jigsaw Puzzle (Garden of Eden)",1.67,12.7|8.3|4.6
"PET9347","Vegan Senior Cat Food, Beef & Beef",1.38,19.3|10.3|1.6
"COL9349","Noah's Action Figure (orange)",15.47,16.6|12.9|11.9
"PET9359","Dry Senior Cat Food, Shrimp & Shrimp",1.19,12.6|8.0|0.4
"TOY9362","Disney Ball",7.61,8.3|8.2|5.9
"PET9364","Gluten-free Cat Food, Tuna & Tuna",1.33,10.3|5.9|0.5
"PET9367","Dry Senior Cat Food, Pumpkin & Pumpkin",1.10,14.1|2.3|2.0
"PET9369","Dry Cat Food, Pumpkin & Pumpkin",1.13,15.2|8.3|0.6
"PET9372","Vegan Cat Food, Beef & Beef",1.39,17.8|9.1|6.2
"PET9380","Dry Adult Cat Food, Chicken & Chicken",1.02,16.9|9.6|3.8
"PET9385","Dry Cat Food, Chicken & Chicken",1.05,15.7|15.2|13.5
"PET9400","Vegan Cat Food, Chicken & Chicken",1.58,19.4|15.8|2.6
"PET9417","Vegan Senior Cat Food, Duck & Duck",1.62,13.8|3.6|0.0
"COL9420","Noah's Jewelry (amber)",30.01,13.8|9.1|4.9
"PET9426","Dry Cat Food, Chicken & Chicken",1.02,15.5|0.7|0.0
"PET9427","Vegan Cat Food, Beef & Beef",1.44,18.5|17.2|8.9
"PET9445","Vegan Adult Cat Food, Salmon & Salmon",1.58,12.7|8.0|4.7
"PET9449","Dog Food",0.94,13.9|11.2|2.3
"TOY9449","Super Board Game",13.83,18.3|9.1|5.7
"TOY9457","Noah's Ball",3.22,17.6|2.6|0.7
"TOY9460","Noah's Dreidel",3.02,12.9|10.8|1.6
"PET9483","Wet Senior Cat Food, Pumpkin & Pumpkin",0.99,20.0|18.1|16.5
"TOY9499","Mechanical Stickers",0.82,19.4|18.7|2.8
"PET9511","Dry Cat Food, Salmon & Salmon",0.91,11.3|2.9|2.5
"TOY9519","Vintage Slinky",3.82,19.7|16.4|11.0
"TOY9535","Automatic Stickers",0.85,18.3|12.9|0.0
"PET9541","Ferret Food",0.46,16.5|9.6|1.4
"PET9542","Wet Senior Cat Food, Salmon & Salmon",0.93,7.4|7.3|5.1
"BKY9551","Sesame Puff",1.03,5.0|4.2|2.3
"TOY9552","Vintage Yoyo",6.98,19.3|10.7|3.7
"TOY9569","Tonka Yoyo",4.71,2.9|2.7|0.7
"PET9575","Dry Adult Cat Food, Pumpkin & Pumpkin",0.85,10.9|5.1|2.3
"TOY9585","Manual Slinky",3.45,17.5|15.3|13.8
"PET9591","Dry Cat Food, Pumpkin & Pumpkin",0.93,18.6|15.1|10.8
"PET9601","Wet Adult Cat Food, Tuna & Tuna",0.87,18.8|18.0|9.8
"PET9602","Dry Senior Cat Food, Salmon & Salmon",1.06,16.2|13.5|10.8
"PET9606","Vegan Cat Food, Salmon & Salmon",1.54,14.1|13.9|8.1
"PET9625","Wet Cat Food, Tuna & Tuna",0.98,17.8|12.4|9.2
"TOY9629","Electric Slinky",3.03,10.6|10.3|8.6
"PET9631","Wet Cat Food, Tuna & Tuna",1.15,10.4|2.2|0.1
"PET9644","Gluten-free Senior Cat Food, Pumpkin & Pumpkin",1.68,19.3|15.4|6.0
"TOY9688","Mini Slinky",3.39,13.5|12.4|4.0
"PET9692","Wet Senior Cat Food, Duck & Duck",0.96,15.5|11.4|5.1
"PET9694","Vegan Senior Cat Food, Salmon & Salmon",1.48,12.0|2.6|2.4
"PET9696","Wet Adult Cat Food, Tuna & Tuna",0.94,15.7|15.7|7.0
"PET9701","Vegan Senior Cat Food, Pumpkin & Pumpkin",1.67,13.7|10.3|0.6
"PET9708","Vegan Cat Food, Shrimp & Shrimp",1.42,16.6|10.9|7.1
"PET9726","Vegan Cat Food, Tuna & Tuna",1.35,9.8|9.5|4.0
"PET9739","Wet Cat Food, Chicken & Chicken",1.01,18.0|10.9|0.9
"TOY9740","Handmade Yoyo",11.77,18.0|16.6|16.5
"PET9749","Vegan Adult Cat Food, Tuna & Tuna",1.58,10.9|5.2|0.1
"PET9753","Gluten-free Cat Food, Pumpkin & Pumpkin",1.49,18.5|10.1|3.6
"PET9755","Gluten-free Cat Food, Salmon & Salmon",1.31,7.1|7.0|4.9
"TOY9764","Handmade Airplane",22.35,19.0|18.5|15.5
"PET9768","Wet Adult Cat Food, Turkey & Turkey",0.97,19.8|19.4|14.7
"DLI9768","Dilled Whitefish Salad",1.20,14.0|5.8|2.9
"PET9769","Wet Adult Cat Food, Tuna & Tuna",0.97,18.0|7.9|0.9
"COL9773","Noah's Poster (magenta)",4.13,7.2|4.9|1.9
"TOY9778","Handmade Stickers",2.28,4.8|4.0|3.0
"PET9783","Dry Adult Cat Food, Chicken & Chicken",1.08,17.1|12.6|11.4
"DLI9789","Kasha Kugel",1.02,17.4|15.9|15.5
"PET9792","Dry Cat Food, Shrimp & Shrimp",1.04,9.9|7.4|3.9
"PET9793","Gluten-free Cat Food, Beef & Beef",1.72,16.4|7.4|4.4
"PET9812","Dry Adult Cat Food, Shrimp & Shrimp",0.91,11.2|10.2|2.1
"COL9819","Noah's Lunchbox (blue)",9.87,14.2|4.1|3.3
"PET9823","Wet Senior Cat Food, Turkey & Turkey",1.14,18.9|13.8|7.2
"PET9842","Dry Cat Food, Tuna & Tuna",1.05,10.6|5.9|3.5
"PET9846","Wet Adult Cat Food, Shrimp & Shrimp",0.91,18.6|15.7|6.4
"PET9849","Gluten-free Senior Cat Food, Pumpkin & Pumpkin",1.65,17.5|6.0|4.5
"TOY9866","Power Fidget Toy",1.01,17.3|9.4|1.6
"DLI9869","Broccoli Blintz",1.01,2.5|1.4|1.2
"PET9880","Dry Senior Cat Food, Beef & Beef",1.18,13.6|13.1|2.3
"PET9890","Dry Cat Food, Beef & Beef",1.12,17.7|10.7|2.8
"PET9893","Wet Adult Cat Food, Tuna & Tuna",0.91,14.6|8.9|4.2
"PET9894","Vegan Cat Food, Pumpkin & Pumpkin",1.53,17.7|11.6|11.1
"PET9895","Vegan Cat Food, Beef & Beef",1.71,9.9|3.7|2.7
"TOY9896","Jigsaw Puzzle (Noah's Ark)",1.42,14.2|11.1|10.4
"PET9900","Dry Adult Cat Food, Pumpkin & Pumpkin",1.09,14.7|6.5|3.1
"PET9924","Dry Adult Cat Food, Pumpkin & Pumpkin",1.10,11.3|7.7|1.1
"COL9948","Noah's Jewelry (magenta)",32.97,18.0|17.5|6.2
"TOY9952","Mega Crayons",2.87,10.7|0.6|0.0
"TOY9953","Marvel Board Game",23.92,18.2|9.1|6.1
"PET9955","Wet Senior Cat Food, Pumpkin & Pumpkin",1.19,14.8|12.6|9.7
"PET9979","Dry Cat Food, Tuna & Tuna",0.93,17.3|14.4|13.2
"TOY9981","Handmade Blocks",8.12,13.4|7.0|4.0
"PET9985","Gluten-free Cat Food, Chicken & Chicken",1.41,11.7|10.0|4.2
"PET9986","Gluten-free Adult Cat Food, Salmon & Salmon",1.38,19.1|2.8|1.4
"PET9991","Gluten-free Cat Food, Turkey & Turkey",1.60,15.6|12.4|8.7
"TOY9997","Power Doll",10.83,11.9|9.4|1.0
