sku,desc,wholesale_cost,dims_cm
"TOY0008","Mechanical Board Game",15.9,19.8|5.7|5.5
"PET0009","Wet Adult Cat Food, Duck & Duck",1.11,12.3|7.2|4.5
"CMP0013","Network Printer",135.07,18.6|10.2|8.5
"TOY0014","Vintage Stickers",1.59,19.1|11.0|2.8
"HOM0017","Vintage Widget (azure)",7.62,19.7|2.7|2.6
"COL0030","Noah's Action Figure (azure)",15.70,18.2|15.2|13.6
"HOM0042","Vintage Toaster (red)",30.07,17.4|14.3|3.8
"HOM0048","Electric Bicycle",81.17,18.8|17.9|12.5
"CMP0049","Network Phone",297.28,8.1|7.6|6.9
"CMP0050","Network Router",82.67,18.9|11.9|3.3
"TOY0051","Power Yoyo",5.23,16.1|14.6|1.1
"COL0061","Noah's Jewelry (yellow)",27.89,9.2|2.5|2.3
"TOY0065","Ultra Toy Soldier",10.51,14.7|7.6|3.1
"HOM0079","Vintage Radio (purple)",31.92,18.1|14.0|13.2
"DLI0082","Dilled Cucumber Sandwich",0.84,16.1|5.2|0.8
"TOY0088","Star Wars Ball",6.42,17.1|8.8|6.6
"HOM0088","Vintage Widget (mauve)",6.85,14.8|13.0|10.8
"HOM0112","Toy Radio (red)",14.70,18.1|12.7|7.2
"TOY0116","Mini Doll",10.76,14.3|6.8|6.6
"PET0140","Dog",0.91,14.2|14.0|11.5
"DLI0143","Salted Cabbage Salad",0.72,11.0|10.5|0.0
"HOM0143","Vintage Blender (purple)",72.07,19.3|5.9|2.5
"TOY0165","Automatic Dreidel",2.70,19.0|8.2|5.1
"HOM0170","Toy Widget (blue)",2.88,16.3|14.7|11.1
"DLI0202","Broccoli Kugel",0.94,14.4|10.9|7.5
"HOM0202","Vintage Machine (white)",50.10,18.0|10.4|0.4
"PET0215","Wet Cat Food, Pumpkin & Pumpkin",1.11,9.7|8.9|2.3
"HOM0231","Mini Radio (amber)",20.91,17.5|6.8|3.0
"HOM0251","Electric Timer",7.24,14.0|11.4|1.9
"TOY0255","Ultra Silly Bandz",2.55,10.4|4.8|2.7
"HOM0262","Ultra Timer",7.86,11.8|4.2|3.2
"HOM0263","Automatic Blender",51.60,16.5|9.7|2.5
"TOY0264","Lego Stickers",1.31,19.7|17.2|16.4
"HOM0288","Mini Machine (white)",30.10,10.4|10.1|6.2
"HOM0292","Toy Mixer (mauve)",69.57,18.1|14.0|5.3
"TOY0293","Mechanical Ball",3.28,9.9|7.4|3.8
"HOM0301","Mini Crockpot (magenta)",74.67,11.9|2.7|1.4
"BKY0303","Raspberry Sufganiah",0.89,14.4|13.1|1.9
"PET0315","Senior Ferret Food",0.50,17.3|15.5|11.0
"TOY0320","Manual Dreidel",2.83,19.8|18.0|15.5
"COL0325","Noah's Bobblehead (amber)",5.44,15.7|6.3|1.5
"TOY0331","Tonka Toy Soldier",8.28,19.6|6.2|5.4
"HOM0343","Super Crockpot",73.89,15.0|4.4|1.1
"TOY0359","Super Board Game",15.76,15.3|5.3|2.4
"PET0366","Senior Fish Food",0.73,18.4|9.3|6.2
"HOM0375","Mini Bicycle (mauve)",67.08,17.2|8.5|5.6
"HOM0381","Toy Radio (amber)",13.31,16.4|4.9|3.6
"CMP0401","Wireless Phone",261.89,14.4|9.1|8.7
"HOM0423","Vintage Radio (mauve)",30.60,18.0|13.4|5.6
"TOY0424","Noah's Fidget Toy",0.97,15.9|13.5|5.9
"TOY0453","Mechanical Dreidel",2.71,15.9|10.8|4.7
"TOY0456","Lego Airplane",9.85,15.7|15.0|13.0
"TOY0460","Power Crayons",3.31,14.6|7.1|1.9
"TOY0465","Vintage Ball",4.14,16.0|15.7|9.4
"HOM0483","Mega Blender",47.47,9.0|5.4|0.8
"HOM0492","Super Timer",8.06,14.7|10.5|7.7
"HOM0509","Vintage Timer (orange)",12.71,13.9|12.6|7.6
"COL0510","Noah's Poster (amber)",3.58,15.0|14.2|2.3
"TOY0512","Handmade Train",24.54,13.7|8.1|4.1
"TOY0518","Transformers Doll",11.28,12.6|9.2|0.6
"HOM0522","Toy Toaster (yellow)",13.22,18.5|12.2|6.4
"TOY0536","Mega Airplane",11.78,17.0|8.7|7.3
"HOM0539","Mini Blender (azure)",50.61,17.5|14.3|13.9
"BKY0542","Caraway Bagel",1.10,14.7|9.0|3.2
"HOM0553","Toy Timer (azure)",5.36,13.4|7.2|1.0
"TOY0569","Mini Crayons",3.49,17.2|6.3|3.5
"PET0577","Dry Cat Food, Tuna & Tuna",0.99,17.2|12.7|10.5
"COL0582","Noah's Bobblehead (green)",4.12,10.3|4.9|0.6
"COL0587","Noah's Ark Model (HO Scale)",49.35,1.4|1.3|0.3
"HOM0589","Vintage Machine (blue)",38.47,17.8|10.2|0.8
"DLI0645","Health Soup",0.86,19.6|16.3|0.5
"COL0648","Noah's Jewelry (amber)",23.20,11.2|3.2|2.1
"PET0667","Adult Rabbit Food",2.20,13.2|6.7|1.5
"COL0670","Noah's Poster (blue)",3.17,19.6|10.4|9.2
"TOY0675","Vintage Blocks",6.52,9.8|8.1|3.4
"TOY0680","Mechanical Crayons",2.98,19.7|15.4|9.7
"HOM0705","Vintage Mixer (amber)",144.84,18.2|5.2|5.0
"HOM0707","Mechanical Mixer",113.42,17.2|16.4|15.4
"HOM0708","Vintage Toaster",28.37,17.2|16.8|1.0
"HOM0723","Ultra Widget",3.95,11.8|3.5|1.7
"DLI0733","Smoked Egg Salad",0.99,13.6|10.3|7.5
"HOM0736","Vintage Blender (red)",78.87,19.7|16.3|15.5
"HOM0754","Toy Machine (puce)",19.33,6.9|0.5|0.3
"TOY0773","Manual Board Game",16.51,13.1|10.3|0.8
"HOM0778","Vintage Toaster (azure)",29.94,18.5|18.3|3.7
"TOY0779","Ultra Hebrew Blocks",3.51,16.5|15.8|1.3
"TOY0810","Super Toy Soldier",10.50,12.3|4.9|2.5
"COL0819","Noah's Jersey (white)",10.01,19.2|19.0|7.6
"TOY0819","Handmade Toy Soldier",19.54,17.9|9.0|1.2
"HOM0830","Mini Timer (amber)",6.71,15.6|6.7|0.2
"TOY0832","Marvel Silly Bandz",5.06,5.0|3.4|0.5
"DLI0848","Dilled Cucumber Salad",1.06,19.6|16.5|7.8
"HOM0851","Vintage Radio (green)",30.82,15.5|14.8|3.1
"PET0854","Gluten-free Cat Food, Shrimp & Shrimp",1.33,18.7|5.7|5.0
"HOM0858","Toy Blender (yellow)",38.78,6.8|2.9|2.3
"PET0861","Vegan Senior Cat Food, Pumpkin & Pumpkin",1.27,15.3|6.4|0.6
"HOM0861","Toy Radio (azure)",16.16,9.9|2.9|0.6
"HOM0894","Vintage Mixer (red)",152.19,19.3|15.2|2.2
"HOM0906","Super Machine",36.60,19.4|16.3|8.4
"DLI0913","Dilled Whitefish Sandwich",0.77,20.0|14.3|7.1
"PET0940","Gluten-free Cat Food, Pumpkin & Pumpkin",1.77,15.6|10.4|10.4
"DLI0945","Pickled Whitefish Salad",0.99,19.7|3.0|2.3
"TOY0948","Electric Crayons",3.33,16.8|13.7|11.9
"HOM0962","Vintage Mixer (blue)",135.12,18.5|14.2|9.3
"DLI0966","Dilled Cabbage Salad",0.86,19.8|17.3|2.2
"CMP1012","Cellular Router",69.25,15.7|13.4|3.8
"BKY1021","Raspberry Rugelach",1.12,14.5|9.6|2.6
"TOY1039","Mega Toy Soldier",8.88,15.4|8.3|3.7
"PET1042","Gluten-free Senior Cat Food, Beef & Beef",1.40,11.6|5.2|1.8
"HOM1046","Vintage Radio (magenta)",31.71,9.3|7.9|6.3
"HOM1049","Toy Machine (white)",20.99,19.3|7.0|1.4
"HOM1065","Vintage Bicycle (yellow)",129.23,13.5|11.9|8.2
"COL1068","Noah's Bobblehead (white)",5.34,17.9|1.7|0.2
"HOM1068","Toy Blender (purple)",37.11,19.4|14.7|8.3
"HOM1070","Mini Blender (magenta)",51.34,14.6|11.3|7.0
"COL1071","Noah's Bobblehead (magenta)",5.16,14.9|8.3|1.0
"TOY1080","Automatic Crayons",3.32,18.2|16.9|11.5
"HOM1104","Mini Machine (azure)",23.78,14.3|10.3|10.2
"HOM1110","Vintage Bicycle",105.38,19.2|11.7|10.1
"BKY1115","Caraway Bialy",1.13,14.4|2.2|1.9
"DLI1132","Broccoli Blintz",1.15,18.6|11.4|1.6
"HOM1132","Vintage Bicycle (green)",120.57,18.2|3.0|0.4
"HOM1146","Mini Widget (orange)",5.69,18.6|16.0|1.7
"HOM1147","Handmade Machine (blue)",52.12,15.9|11.6|3.6
"COL1164","Noah's Gift Box (yellow)",3.09,13.0|12.8|4.2
"DLI1184","Pickled Beet Sandwich",0.86,13.9|12.5|9.2
"PET1240","Dry Adult Cat Food, Chicken & Chicken",0.90,4.5|4.2|2.5
"HOM1251","Toy Bicycle (white)",49.25,14.5|10.5|3.3
"COL1258","Noah's Bobblehead (yellow)",5.32,19.4|14.8|13.5
"DLI1267","Salted Salmon Salad",0.97,13.4|9.8|3.8
"HOM1268","Toy Widget",3.30,10.2|5.7|0.8
"TOY1273","Tonka Doll",9.71,17.0|15.1|5.6
"HOM1284","Mini Bicycle",73.57,19.9|14.4|9.5
"HOM1287","Mini Radio (blue)",20.69,19.3|18.3|5.2
"TOY1306","Vintage Fidget Toy",1.51,17.4|14.2|12.5
"HOM1306","Vintage Timer (amber)",11.35,16.6|13.7|13.6
"COL1322","Noah's Lunchbox (mauve)",8.10,18.9|14.5|10.8
"HOM1327","Toy Timer (magenta)",5.18,19.8|11.7|9.7
"TOY1328","Manual Yoyo",5.30,12.3|8.3|1.1
"DLI1364","Broccoli Seitan Meatball",1.09,17.1|13.9|7.3
"HOM1367","Toy Blender (white)",38.30,19.0|17.3|1.4
"HOM1378","Vintage Bicycle (blue)",105.17,17.8|14.5|10.7
"HOM1386","Mechanical Toaster",16.29,11.6|9.6|9.4
"DLI1402","Salted Cabbage Sandwich",0.98,18.8|18.1|0.0
"CMP1407","Bluetooth Monitor",108.23,16.6|13.8|12.0
"PET1416","Wet Cat Food, Salmon & Salmon",1.14,16.8|13.9|12.9
"HOM1416","Toy Widget (red)",3.05,9.1|4.8|0.6
"TOY1419","Electric Silly Bandz",3.18,16.8|15.4|12.4
"HOM1430","Toy Mixer (orange)",63.62,17.0|11.3|10.5
"TOY1448","Handmade Crayons",5.82,17.8|5.5|0.7
"TOY1451","Vintage Crayons",4.13,5.6|1.9|1.5
"PET1461","Fish Food",0.76,10.1|9.7|1.6
"PET1492","Vegan Cat Food, Tuna & Tuna",1.48,9.6|3.4|2.3
"COL1493","Noah's Action Figure (red)",14.67,12.0|6.7|0.9
"COL1495","Noah's Gift Box (white)",3.12,18.1|15.4|11.8
"HOM1508","Vintage Radio (orange)",29.30,9.1|4.4|4.2
"HOM1549","Vintage Machine (puce)",43.54,16.9|16.2|8.1
"HOM1553","Toy Radio (orange)",13.27,8.3|5.3|3.6
"PET1580","Dry Adult Cat Food, Tuna & Tuna",0.88,15.9|10.4|1.8
"HOM1593","Toy Crockpot (puce)",48.78,13.7|6.5|1.6
"TOY1597","Lego Blocks",5.15,15.3|12.3|9.7
"PET1613","Senior Hedgehog Food",0.76,10.3|2.6|1.6
"TOY1614","Mechanical Train",12.73,18.6|8.2|3.1
"TOY1644","Power Board Game",12.76,10.6|6.2|2.8
"TOY1648","Toy Dreidel",2.20,12.1|3.5|3.5
"COL1690","Noah's Jewelry (green)",28.62,18.9|3.9|2.1
"TOY1695","Mega Crayons",3.03,13.9|11.5|1.2
"TOY1700","Transformers Yoyo",5.84,14.8|12.6|9.9
"HOM1701","Mini Bicycle (amber)",76.30,5.4|2.9|2.1
"DLI1704","Pickled Beet Salad",1.09,14.3|8.7|0.5
"HOM1707","Manual Machine",28.65,19.7|4.4|0.9
"COL1711","Noah's Lunchbox (red)",10.80,15.5|14.7|9.9
"HOM1720","Toy Machine (magenta)",25.97,15.1|10.8|8.3
"TOY1726","Automatic Blocks",3.15,15.4|6.9|4.5
"DLI1732","Pickled Cucumber Salad",0.97,17.7|14.9|14.7
"HOM1736","Vintage Toaster (purple)",26.40,15.9|10.6|3.8
"PET1755","Senior Bird Food",0.96,20.0|14.9|8.3
"HOM1769","Vintage Timer (blue)",11.40,4.2|4.0|2.1
"HOM1779","Mini Radio (puce)",25.35,15.6|14.1|10.1
"HOM1783","Mini Radio (red)",21.86,17.8|13.7|12.6
"HOM1784","Vintage Toaster (green)",33.05,13.9|11.5|6.2
"TOY1806","Automatic Stickers",0.84,16.2|12.1|8.5
"COL1809","Noah's Poster (azure)",3.83,18.5|14.4|5.1
"TOY1815","Tonka Blocks",4.74,11.6|7.4|1.5
"HOM1822","Super Toaster",18.96,19.2|14.5|2.7
"DLI1833","Pickled Herring Sandwich",1.03,17.5|2.5|0.2
"TOY1836","Lego Ball",3.32,18.7|12.7|2.3
"HOM1840","Toy Radio (mauve)",14.12,8.8|6.6|6.0
"HOM1847","Vintage Crockpot (yellow)",96.90,17.8|17.1|4.3
"HOM1865","Toy Bicycle (amber)",57.59,15.6|12.6|10.3
"TOY1871","Noah's Dreidel",3.05,17.5|11.6|1.9
"HOM1887","Toy Machine (red)",21.73,16.6|14.1|6.6
"PET1890","Rat",0.55,7.7|5.3|4.8
"PET1904","Wet Adult Cat Food, Chicken & Chicken",1.02,14.8|6.5|3.2
"TOY1907","Disney Train",41.50,11.7|11.3|3.2
"HOM1909","Vintage Radio (blue)",26.71,17.6|6.3|0.1
"PET1911","Wet Adult Cat Food, Shrimp & Shrimp",1.05,19.7|17.4|10.7
"DLI1948","Salted Cucumber Sandwich",1.02,18.6|16.1|8.4
"CMP1964","Network Webcam",25.45,16.3|12.2|5.2
"HOM1969","Electric Toaster",23.89,13.1|9.5|5.0
"HOM1983","Vintage Mixer (mauve)",157.05,12.9|12.2|10.3
"PET1987","Dry Adult Cat Food, Pumpkin & Pumpkin",0.89,13.1|9.5|4.4
"HOM1990","Mini Radio (orange)",17.09,16.1|12.6|6.0
"HOM2020","Electric Machine",31.32,19.0|15.1|11.8
"HOM2035","Mini Crockpot (amber)",65.42,6.3|3.0|0.4
"PET2037","Gluten-free Adult Cat Food, Beef & Beef",1.58,16.7|8.8|3.8
"TOY2050","Manual Train",9.89,14.0|13.4|3.4
"HOM2050","Mini Mixer (blue)",91.46,15.1|6.4|1.6
"PET2056","Adult Lizard Food",1.09,15.1|12.6|6.4
"HOM2058","Toy Crockpot (blue)",49.39,11.4|5.3|1.1
"TOY2066","Tonka Silly Bandz",2.91,15.0|10.2|3.7
"TOY2069","Mega Hebrew Blocks",3.18,18.1|13.0|10.9
"HOM2077","Super Bicycle",78.91,15.3|11.1|7.1
"COL2078","Noah's Gift Box (purple)",3.13,19.2|9.1|1.9
"COL2103","Noah's Action Figure (puce)",14.11,9.7|3.5|3.1
"HOM2107","Mini Toaster (puce)",19.55,12.3|4.7|1.5
"TOY2128","Automatic Doll",9.81,11.5|3.2|2.5
"HOM2134","Handmade Machine (orange)",57.19,10.9|2.9|2.2
"HOM2143","Handmade Blender",98.93,18.1|13.7|0.0
"CMP2146","Bluetooth Router",83.68,8.9|7.9|1.3
"DLI2157","Salted Whitefish Sandwich",1.01,7.6|7.4|0.3
"TOY2171","Transformers Fidget Toy",1.24,16.1|12.2|1.8
"HOM2174","Mini Mixer (mauve)",105.77,18.7|3.7|2.4
"PET2199","Mouse Food",0.54,14.8|13.3|8.1
"TOY2205","Vintage Airplane",17.66,18.8|9.1|6.2
"PET2212","Wet Cat Food, Duck & Duck",0.89,7.7|4.7|1.4
"PET2233","Gluten-free Adult Cat Food, Pumpkin & Pumpkin",1.20,14.8|14.6|7.3
"COL2236","Noah's Jersey (puce)",11.11,17.6|15.5|5.7
"HOM2236","Mini Toaster (green)",20.67,11.0|10.9|1.0
"HOM2243","Vintage Machine (mauve)",42.10,19.1|13.1|1.1
"CMP2245","Network Camera",86.75,15.3|8.2|5.4
"CMP2256","Womens Keyboard",51.84,14.6|8.7|0.2
"HOM2263","Mega Widget",5.12,13.4|6.4|3.2
"COL2265","Noah's Bobblehead (orange)",6.04,8.4|4.9|0.5
"HOM2266","Toy Blender (red)",29.72,17.5|10.2|3.8
"HOM2267","Toy Crockpot (magenta)",43.03,17.3|7.4|3.9
"DLI2269","Smoked Salmon Sandwich",0.98,18.8|14.0|13.9
"PET2278","Senior Dog Food",0.91,15.3|8.9|3.5
"HOM2278","Toy Toaster",14.10,17.2|14.5|9.6
"COL2279","Noah's Bobblehead (puce)",5.41,19.4|19.0|6.8
"COL2281","Noah's Poster (orange)",4.09,15.8|15.1|3.2
"TOY2294","Star Wars Slinky",7.31,15.1|14.4|5.5
"PET2305","Gluten-free Cat Food, Turkey & Turkey",1.62,7.3|0.3|0.1
"HOM2319","Mini Blender (red)",52.20,19.3|6.0|2.6
"TOY2322","Vintage Yoyo",8.77,8.0|7.9|5.6
"DLI2329","Lentil Sandwich",0.98,13.0|10.2|6.1
"TOY2331","Super Dreidel",2.85,19.9|16.6|12.0
"DLI2340","Matzo Ball Soup",1.02,16.3|15.6|10.3
"TOY2357","Disney Hebrew Blocks",8.40,18.4|17.6|14.2
"HOM2378","Mini Timer (mauve)",6.19,8.9|7.7|7.0
"HOM2380","Electric Widget",5.96,6.5|4.5|1.6
"HOM2384","Automatic Crockpot",74.27,16.9|11.2|1.6
"TOY2393","Electric Blocks",4.66,19.3|18.3|11.2
"PET2408","Adult Rat Food",0.51,17.9|2.4|2.1
"HOM2409","Toy Radio (white)",14.69,17.6|15.9|8.8
"TOY2411","Mechanical Doll",10.57,19.1|12.1|1.2
"TOY2414","Mini Blocks",4.21,16.7|13.7|13.5
"HOM2430","Mini Timer (green)",7.24,17.8|3.0|1.7
"PET2432","Adult Guinea Pig Food",0.45,14.8|12.3|3.3
"PET2460","Gluten-free Senior Cat Food, Chicken & Chicken",1.50,18.8|16.4|4.3
"TOY2468","Electric Stickers",1.06,17.2|16.1|1.3
"HOM2479","Handmade Machine (yellow)",68.16,17.8|16.5|9.0
"COL2480","Noah's Jewelry (red)",32.67,19.3|11.1|6.2
"TOY2482","Handmade Board Game",25.83,11.6|3.1|2.4
"CMP2486","Womens Laptop",824.63,11.7|11.1|8.1
"PET2489","Rabbit",2.14,15.0|10.7|2.7
"TOY2490","Noah's Airplane",11.92,18.6|17.2|10.7
"HOM2493","Toy Crockpot (white)",46.01,11.3|6.8|4.1
"PET2498","Senior Cat Food",1.38,10.8|4.6|1.1
"HOM2503","Vintage Toaster (mauve)",27.91,7.6|4.6|2.5
"CMP2509","Cellular Monitor",142.23,17.9|13.8|13.1
"CMP2517","Cellular Printer",116.81,14.8|8.0|6.4
"TOY2526","Jigsaw Puzzle (Parting the Red Sea)",1.04,19.5|15.2|10.2
"TOY2528","Manual Silly Bandz",2.81,12.6|10.3|8.3
"HOM2538","Power Radio",19.15,19.1|16.3|5.6
"TOY2561","Mega Train",9.64,18.9|11.2|5.7
"PET2579","Senior Mouse Food",0.50,9.6|3.4|2.6
"TOY2594","Star Wars Fidget Toy",2.12,19.1|4.9|0.6
"TOY2601","Disney Doll",32.50,12.3|9.6|0.2
"PET2602","Adult Dog Food",0.96,13.8|3.4|3.2
"HOM2611","Vintage Timer (magenta)",9.86,14.2|9.3|2.3
"HOM2636","Mini Toaster (magenta)",21.65,11.8|9.5|2.4
"HOM2645","Vintage Timer (red)",12.62,8.9|6.8|1.5
"TOY2649","Mega Slinky",3.08,15.4|11.0|1.8
"TOY2665","Mini Stickers",0.85,19.4|7.2|5.8
"HOM2668","Vintage Bicycle (puce)",108.90,19.8|18.5|16.3
"HOM2674","Power Blender",58.02,17.4|13.7|8.1
"HOM2675","Mini Blender (puce)",46.86,16.4|12.5|5.5
"HOM2684","Vintage Blender (mauve)",65.08,5.6|5.4|2.0
"TOY2693","Mini Fidget Toy",0.95,11.6|1.2|0.3
"DLI2699","Dilled Cabbage Sandwich",1.01,18.4|10.7|2.4
"PET2708","Gluten-free Cat Food, Tuna & Tuna",1.15,14.0|12.6|5.3
"HOM2768","Vintage Mixer (green)",144.12,16.5|15.9|11.3
"HOM2769","Super Mixer",99.58,12.3|10.5|5.7
"TOY2770","Super Crayons",2.25,15.8|4.0|0.6
"HOM2774","Toy Widget (purple)",3.54,10.9|8.9|7.4
"HOM2786","Mega Mixer",81.14,16.9|8.3|8.0
"TOY2789","Handmade Dreidel",6.72,7.6|6.7|1.9
"HOM2828","Mini Widget (blue)",5.09,18.9|11.4|2.7
"CMP2836","Wireless Printer",136.37,19.9|15.2|6.0
"HOM2839","Manual Widget",5.45,16.3|10.1|4.2
"HOM2842","Automatic Machine",24.64,14.8|14.0|9.0
"HOM2845","Toy Blender (mauve)",30.99,9.5|5.9|1.7
"TOY2857","Mini Train",12.14,16.1|15.9|13.6
"TOY2860","Lego Train",12.66,17.4|15.2|9.4
"HOM2861","Vintage Machine (magenta)",44.36,15.4|14.1|4.2
"COL2865","Noah's Jersey (purple)",9.83,7.0|4.8|2.5
"COL2879","Noah's Poster (puce)",4.45,7.5|1.7|0.6
"HOM2883","Handmade Machine (amber)",59.05,17.7|15.9|5.2
"PET2885","Adult Hedgehog Food",0.84,17.4|15.7|3.8
"PET2891","Adult Cat Food",1.19,18.1|9.3|4.6
"TOY2892","Ultra Blocks",3.72,6.9|5.1|0.5
"HOM2902","Manual Blender",48.77,14.9|6.8|6.3
"HOM2920","Mini Radio (magenta)",21.38,17.6|15.5|6.1
"TOY2936","Power Hebrew Blocks",2.56,9.8|6.0|3.3
"TOY2939","Marvel Board Game",20.38,18.3|13.3|10.7
"DLI2946","Pickled Whitefish Sandwich",1.11,7.1|3.7|2.7
"HOM2950","Vintage Widget (purple)",8.45,15.5|15.1|8.8
"TOY2965","Transformers Silly Bandz",4.05,19.9|11.7|7.9
"TOY2980","Marvel Stickers",1.80,13.4|11.5|2.1
"TOY2983","Transformers Ball",3.21,19.1|14.4|12.1
"PET3009","Wet Senior Cat Food, Chicken & Chicken",1.07,17.8|6.3|3.6
"TOY3023","Power Toy Soldier",10.63,16.2|12.6|8.5
"HOM3037","Vintage Crockpot (orange)",98.55,15.9|15.4|7.6
"DLI3049","Dilled Beet Sandwich",1.16,14.9|12.2|12.0
"PET3050","Wet Senior Cat Food, Turkey & Turkey",0.87,18.9|7.3|0.9
"TOY3051","Power Train",12.52,16.0|15.3|13.9
"HOM3051","Vintage Toaster (blue)",31.41,13.8|5.2|3.3
"TOY3077","Manual Crayons",3.27,13.5|8.2|1.9
"COL3084","Noah's Bobblehead (purple)",4.06,18.4|11.8|6.7
"TOY3105","Star Wars Dreidel",4.83,9.7|7.8|7.1
"HOM3120","Toy Bicycle",48.11,19.7|14.3|13.8
"PET3127","Gluten-free Senior Cat Food, Turkey & Turkey",1.72,18.8|13.9|7.1
"HOM3136","Toy Bicycle (puce)",51.69,16.9|13.0|0.3
"PET3146","Wet Adult Cat Food, Beef & Beef",1.10,5.2|5.0|3.5
"CMP3162","Bluetooth Modem",68.70,9.2|3.5|1.8
"CMP3166","Wireless Camera",76.41,14.8|8.7|2.0
"HOM3166","Mini Crockpot (white)",69.83,17.0|15.9|14.7
"TOY3168","Ultra Ball",3.33,18.3|2.9|0.0
"TOY3170","Vintage Train",19.45,15.1|15.0|1.4
"HOM3171","Automatic Toaster",16.36,8.2|5.4|0.8
"PET3175","Vegan Adult Cat Food, Turkey & Turkey",1.51,18.1|8.7|3.7
"HOM3184","Toy Timer (mauve)",5.32,11.7|2.6|0.2
"HOM3188","Vintage Machine",42.99,17.6|11.0|9.3
"TOY3190","Mega Board Game",14.51,9.4|4.9|0.6
"HOM3193","Mini Machine",29.20,19.4|11.9|0.5
"HOM3212","Vintage Crockpot (red)",110.28,7.1|4.2|1.8
"TOY3216","Lego Slinky",3.85,3.7|3.5|1.6
"HOM3219","Toy Blender (amber)",32.53,19.6|16.1|2.8
"HOM3223","Toy Mixer",68.52,15.5|12.8|3.7
"HOM3232","Vintage Blender (amber)",85.10,14.8|7.6|5.0
"TOY3233","Toy Crayons",2.00,14.0|10.0|8.4
"COL3237","Noah's Gift Box (magenta)",3.30,15.7|12.8|2.3
"PET3259","Dry Adult Cat Food, Salmon & Salmon",1.10,18.5|14.4|13.7
"HOM3260","Toy Crockpot (green)",42.54,14.4|1.7|1.4
"TOY3262","Noah's Train",10.83,17.6|16.5|2.5
"TOY3264","Electric Hebrew Blocks",3.53,13.2|9.0|5.1
"TOY3306","Transformers Airplane",11.83,12.9|7.7|3.9
"HOM3341","Vintage Blender (white)",79.74,19.5|5.9|0.3
"HOM3370","Vintage Widget (red)",7.71,19.1|7.5|6.3
"PET3383","Dry Senior Cat Food, Tuna & Tuna",1.11,18.1|14.0|6.5
"TOY3409","Ultra Airplane",12.11,12.4|11.1|6.6
"TOY3425","Automatic Board Game",16.18,11.8|11.6|6.3
"PET3436","Wet Cat Food, Shrimp & Shrimp",0.89,17.8|16.1|5.3
"PET3446","Dry Cat Food, Duck & Duck",0.97,19.5|18.6|11.2
"HOM3460","Mini Widget (azure)",5.20,12.0|11.3|4.0
"COL3473","Noah's Gift Box (puce)",2.94,16.5|15.2|9.2
"TOY3477","Vintage Doll",14.06,15.9|6.0|3.0
"PET3481","Vegan Cat Food, Salmon & Salmon",1.60,13.8|9.8|8.2
"PET3487","Vegan Adult Cat Food, Pumpkin & Pumpkin",1.21,9.8|7.6|2.3
"BKY3490","Raspberry Linzer Cookie",1.00,18.6|13.1|10.4
"PET3495","Adult Hamster Food",0.53,17.5|12.6|0.8
"HOM3504","Mini Radio (purple)",21.50,19.9|11.1|6.4
"HOM3516","Mega Crockpot",64.61,14.6|11.5|2.4
"TOY3517","Lego Hebrew Blocks",3.42,17.3|12.9|1.8
"HOM3517","Toy Blender (magenta)",39.37,19.0|18.2|5.9
"PET3521","Vegan Adult Cat Food, Duck & Duck",1.44,18.9|17.3|11.2
"TOY3522","Tonka Stickers",1.01,15.5|12.1|10.2
"HOM3523","Mini Widget (green)",5.53,18.3|14.8|4.4
"PET3545","Gluten-free Cat Food, Chicken & Chicken",1.63,19.4|9.2|3.4
"HOM3562","Mini Timer",6.76,9.5|9.0|3.5
"HOM3578","Mini Timer (yellow)",7.70,17.5|12.0|0.1
"BKY3586","Poppyseed Linzer Cookie",0.76,12.5|11.9|10.0
"HOM3588","Ultra Mixer",96.85,12.5|6.6|6.3
"TOY3593","Power Blocks",3.69,11.8|7.1|0.5
"HOM3593","Toy Machine (yellow)",16.58,18.3|8.2|0.2
"TOY3619","Noah's Blocks",4.31,13.0|11.7|3.9
"TOY3624","Noah's Slinky",2.55,18.3|14.2|12.3
"HOM3625","Handmade Radio (magenta)",40.13,8.2|4.3|0.3
"PET3635","Gluten-free Cat Food, Duck & Duck",1.42,13.4|12.2|0.7
"COL3641","Noah's Jersey (azure)",10.66,10.5|10.1|3.4
"HOM3642","Mini Widget (mauve)",4.95,15.3|10.3|6.6
"TOY3672","Noah's Stickers",1.20,15.1|12.9|11.2
"HOM3680","Toy Timer (amber)",3.95,19.2|5.6|3.5
"PET3682","Gluten-free Senior Cat Food, Tuna & Tuna",1.60,16.8|12.3|8.1
"HOM3699","Toy Widget (orange)",3.75,13.6|8.4|3.8
"HOM3713","Vintage Toaster (puce)",32.90,12.0|4.1|1.3
"HOM3732","Vintage Bicycle (purple)",126.14,4.7|4.1|1.3
"DLI3740","Kasha Knish",1.10,18.6|15.6|9.2
"HOM3747","Toy Blender (blue)",34.58,18.4|1.7|0.8
"HOM3750","Toy Radio (puce)",14.26,12.0|10.9|3.5
"HOM3762","Vintage Radio (yellow)",24.46,16.1|15.3|5.5
"CMP3766","Bluetooth Printer",109.43,11.9|8.2|3.2
"CMP3768","Bluetooth Keyboard",57.18,17.7|14.4|7.5
"TOY3791","Toy Toy Soldier",6.60,15.0|6.7|3.1
"PET3799","Vegan Senior Cat Food, Beef & Beef",1.21,15.6|15.5|3.2
"HOM3808","Vintage Radio (amber)",25.16,19.4|18.3|11.6
"HOM3815","Power Widget",5.21,13.0|3.0|2.5
"HOM3822","Vintage Timer (yellow)",12.06,14.4|13.5|11.8
"DLI3826","Broccoli Cabbage Roll",0.89,17.1|16.3|1.5
"TOY3829","Handmade Hebrew Blocks",6.41,14.3|11.4|9.8
"HOM3830","Mechanical Machine",26.80,13.7|13.5|6.8
"TOY3832","Marvel Fidget Toy",1.39,18.6|11.4|0.2
"TOY3843","Automatic Toy Soldier",9.88,14.4|6.1|3.4
"CMP3869","Network Laptop",745.25,18.8|16.3|9.2
"HOM3885","Toy Timer (white)",4.72,16.2|12.4|8.3
"COL3894","Noah's Jersey (blue)",9.91,9.3|7.2|2.0
"HOM3894","Toy Toaster (red)",14.86,12.8|10.7|9.9
"HOM3898","Mini Blender (blue)",49.68,18.3|15.5|2.0
"HOM3900","Vintage Widget (orange)",7.28,6.6|5.6|4.6
"HOM3907","Mechanical Crockpot",68.65,11.7|11.1|2.9
"HOM3910","Vintage Mixer (orange)",139.18,15.1|12.6|1.8
"PET3921","Adult Mouse Food",0.48,7.6|2.7|0.9
"HOM3921","Mini Toaster (yellow)",20.65,18.5|13.7|10.4
"TOY3928","Marvel Train",17.52,17.1|6.6|4.7
"HOM3928","Mini Mixer",93.51,10.9|4.4|3.6
"HOM3930","Mini Blender (purple)",49.41,17.5|15.8|13.6
"BKY3940","Sesame Twist",1.12,15.9|9.5|1.2
"TOY3956","Vintage Hebrew Blocks",5.21,16.8|2.4|2.2
"COL3963","Noah's Action Figure (green)",14.67,20.0|16.3|5.4
"COL3967","Noah's Jersey (orange)",9.58,18.9|18.2|10.9
"TOY3979","Mini Ball",3.55,15.1|9.1|5.9
"DLI3986","Dilled Salmon Salad",0.96,19.1|17.8|7.2
"TOY3991","Marvel Yoyo",8.37,16.6|14.5|12.0
"TOY3992","Mega Blocks",4.23,8.8|5.1|3.6
"COL3997","Noah's Bobblehead (azure)",5.02,17.8|8.6|8.0
"HOM4003","Vintage Bicycle (white)",107.43,14.7|11.1|2.9
"HOM4032","Vintage Crockpot (azure)",108.07,13.5|13.3|2.3
"PET4033","Wet Senior Cat Food, Tuna & Tuna",0.99,13.2|9.0|7.1
"HOM4035","Vintage Machine (red)",48.55,7.8|2.3|0.9
"HOM4036","Vintage Crockpot (blue)",82.21,18.1|16.6|2.5
"TOY4037","Tonka Crayons",3.19,2.9|1.7|0.2
"BKY4041","Sesame Bialy",0.79,13.5|8.0|3.1
"TOY4043","Automatic Airplane",12.15,19.3|17.2|2.7
"HOM4069","Vintage Crockpot (white)",96.69,14.3|13.9|8.4
"HOM4070","Mini Mixer (white)",110.77,6.6|4.8|0.7
"DLI4084","Smoked Herring Salad",1.11,12.2|7.5|6.8
"HOM4084","Vintage Mixer (puce)",161.25,15.2|8.6|2.8
"HOM4097","Automatic Bicycle",71.56,15.0|8.9|3.2
"TOY4117","Transformers Stickers",1.24,19.8|8.5|7.4
"HOM4134","Vintage Bicycle (magenta)",108.82,14.7|9.0|7.1
"HOM4140","Toy Radio (green)",15.75,9.6|7.5|2.8
"DLI4157","Salted Egg Salad",1.25,9.9|4.1|1.6
"HOM4157","Handmade Radio (purple)",37.98,11.3|10.7|4.3
"COL4171","Noah's Gift Box (red)",3.42,13.8|13.5|4.8
"HOM4176","Toy Bicycle (purple)",50.41,19.5|19.3|19.1
"HOM4182","Mini Machine (mauve)",29.96,13.3|7.0|4.0
"TOY4186","Toy Silly Bandz",2.17,19.2|14.1|2.0
"HOM4187","Mini Widget (puce)",4.80,13.1|7.9|5.9
"DLI4203","Pickled Egg Sandwich",0.95,15.4|8.2|8.0
"HOM4206","Mini Timer (magenta)",6.50,9.5|9.0|3.8
"COL4211","Noah's Action Figure (mauve)",16.31,8.4|8.0|1.6
"HOM4227","Toy Machine (azure)",23.96,16.4|12.7|5.5
"TOY4228","Transformers Crayons",3.41,16.5|9.5|3.2
"DLI4232","Pickled Salmon Sandwich",0.84,10.4|6.8|6.2
"TOY4245","Jigsaw Puzzle (Garden of Eden)",0.51,19.6|11.6|9.1
"HOM4254","Toy Toaster (green)",15.52,6.0|2.7|2.5
"HOM4257","Handmade Machine (puce)",67.30,17.0|7.6|4.8
"TOY4275","Mechanical Airplane",12.09,18.2|17.3|1.5
"TOY4287","Ultra Board Game",15.65,17.5|2.5|0.2
"HOM4294","Mini Mixer (red)",109.90,13.0|12.7|4.8
"HOM4303","Mini Toaster (red)",22.57,17.1|10.9|9.0
"HOM4337","Toy Crockpot (amber)",50.37,19.2|6.4|5.2
"HOM4341","Toy Timer (yellow)",5.15,13.5|6.7|3.5
"PET4342","Bird Food",0.70,16.6|10.4|5.4
"HOM4346","Mini Toaster (orange)",24.80,18.5|18.1|13.5
"COL4359","Noah's Poster (yellow)",4.13,18.6|15.6|5.3
"HOM4362","Vintage Machine (yellow)",38.58,14.9|7.2|1.2
"HOM4371","Toy Mixer (amber)",56.18,17.4|11.1|1.0
"HOM4400","Manual Mixer",121.85,9.7|9.7|9.0
"PET4404","Wet Cat Food, Beef & Beef",1.07,18.6|14.3|11.9
"HOM4427","Vintage Widget (white)",5.96,17.0|14.6|4.2
"TOY4432","Lego Doll",12.25,18.7|15.4|10.8
"TOY4439","Handmade Stickers",2.24,17.9|17.7|0.6
"HOM4442","Handmade Machine (white)",56.53,18.4|14.1|8.5
"HOM4446","Vintage Timer (purple)",9.84,19.7|2.7|2.2
"COL4473","Noah's Lunchbox (orange)",10.42,9.9|6.4|1.2
"PET4479","Mouse",0.41,16.6|3.9|2.8
"TOY4485","Electric Dreidel",3.22,17.2|5.4|1.9
"PET4517","Wet Adult Cat Food, Pumpkin & Pumpkin",1.04,9.8|9.5|1.9
"HOM4519","Vintage Timer (puce)",10.69,17.3|6.4|2.8
"TOY4521","Super Airplane",13.55,9.6|6.6|6.2
"HOM4525","Mini Machine (orange)",27.20,11.6|4.9|4.8
"TOY4540","Electric Airplane",11.66,14.6|9.0|2.2
"TOY4541","Mega Ball",2.87,12.7|9.3|6.1
"COL4553","Noah's Lunchbox (white)",10.90,8.7|8.4|4.2
"HOM4598","Mini Bicycle (magenta)",79.34,15.8|13.8|5.9
"COL4605","Noah's Action Figure (yellow)",13.43,16.4|11.3|10.5
"PET4624","Dry Senior Cat Food, Duck & Duck",0.97,19.7|16.5|13.9
"TOY4625","Manual Stickers",1.06,17.7|9.9|1.1
"COL4629","Noah's Lunchbox (green)",10.19,9.6|9.2|7.2
"HOM4632","Toy Toaster (purple)",12.63,12.7|12.6|2.2
"HOM4633","Handmade Toaster",39.75,16.5|11.1|10.8
"HOM4636","Toy Mixer (white)",59.66,17.7|7.5|4.6
"TOY4642","Lego Yoyo",5.91,19.9|18.6|3.4
"HOM4669","Handmade Bicycle",131.96,14.7|6.8|1.7
"HOM4696","Vintage Timer",12.91,14.8|10.2|7.6
"PET4700","Wet Senior Cat Food, Salmon & Salmon",0.95,13.6|11.2|5.4
"TOY4704","Mechanical Slinky",3.23,5.8|2.1|1.2
"TOY4721","Toy Ball",1.91,17.1|11.3|2.0
"CMP4723","Bluetooth Phone",202.34,9.7|3.4|2.0
"TOY4729","Power Silly Bandz",2.89,9.5|3.3|0.1
"TOY4738","Ultra Stickers",1.09,12.0|5.0|3.6
"HOM4741","Vintage Blender (blue)",74.65,13.7|5.2|0.5
"HOM4743","Vintage Radio (red)",33.42,17.3|7.2|6.5
"HOM4744","Vintage Radio",30.82,19.2|8.7|8.0
"HOM4776","Toy Crockpot (orange)",50.31,18.0|4.0|1.0
"DLI4784","Pickled Salmon Salad",0.99,18.4|13.1|11.2
"DLI4787","Salted Cucumber Salad",1.03,18.0|13.1|11.0
"TOY4807","Ultra Train",14.21,14.9|13.7|4.4
"TOY4844","Mega Stickers",0.83,14.0|8.3|4.7
"DLI4850","Kasha Latke",1.20,18.4|11.4|11.3
"HOM4856","Mini Toaster (purple)",18.23,16.1|10.5|0.6
"COL4877","Noah's Poster (magenta)",3.68,7.8|6.3|1.4
"DLI4892","Kasha Blintz",1.05,18.0|17.4|8.2
"HOM4906","Automatic Widget",4.65,17.7|5.7|4.9
"CMP4915","Wireless Laptop",682.67,14.6|12.4|3.6
"TOY4922","Manual Toy Soldier",9.37,17.7|17.2|9.2
"TOY4934","Handmade Airplane",26.98,9.8|8.3|3.8
"HOM4936","Toy Mixer (puce)",69.85,19.4|11.8|0.2
"HOM4950","Mini Crockpot (azure)",89.98,5.7|4.2|0.1
"DLI4954","Salted Beet Sandwich",1.09,19.4|15.9|7.3
"TOY4973","Power Stickers",1.01,16.3|12.1|0.2
"TOY4977","Electric Yoyo",5.56,17.6|17.6|12.3
"HOM4994","Toy Timer",5.16,13.6|8.7|1.5
"HOM4998","Mini Crockpot (orange)",70.35,19.6|13.7|7.8
"PET5003","Senior Rat Food",0.51,20.0|7.1|2.6
"TOY5027","Star Wars Stickers",1.89,12.5|8.2|7.3
"PET5030","Vegan Senior Cat Food, Tuna & Tuna",1.67,17.7|1.2|0.3
"HOM5030","Mini Mixer (azure)",100.82,18.6|13.3|9.1
"HOM5043","Toy Machine (blue)",19.26,17.7|17.0|8.3
"TOY5047","Vintage Slinky",4.78,10.4|6.9|6.3
"COL5051","Noah's Jewelry (white)",33.56,19.2|18.9|7.6
"DLI5055","Smoked Cucumber Sandwich",0.83,13.0|4.3|1.3
"TOY5061","Manual Hebrew Blocks",3.00,7.9|3.6|0.7
"HOM5061","Mini Blender (green)",51.84,9.5|4.8|1.0
"HOM5063","Mini Mixer (purple)",111.12,12.3|9.5|5.8
"TOY5066","Transformers Blocks",4.96,16.1|14.0|13.2
"HOM5066","Vintage Widget",6.51,19.5|12.5|3.3
"COL5068","Noah's Jersey (green)",13.15,17.5|10.4|3.0
"TOY5077","Vintage Toy Soldier",18.68,11.6|10.4|2.3
"HOM5078","Toy Widget (amber)",3.64,16.2|7.5|2.4
"CMP5082","Cellular Webcam",28.47,14.8|5.7|4.4
"PET5092","Wet Senior Cat Food, Pumpkin & Pumpkin",0.96,14.8|9.0|0.2
"BKY5093","Poppyseed Mandelbrot",0.94,13.8|12.7|1.4
"TOY5102","Handmade Slinky",5.76,10.5|4.7|0.4
"PET5109","Dry Senior Cat Food, Salmon & Salmon",1.03,14.2|12.3|8.7
"TOY5113","Manual Slinky",2.95,16.9|11.5|5.2
"HOM5118","Ultra Radio",19.72,9.9|2.3|0.8
"HOM5135","Mini Machine (blue)",32.51,16.8|9.7|3.0
"DLI5177","Pickled Cabbage Salad",1.14,8.8|7.2|5.2
"HOM5180","Ultra Blender",51.10,13.7|8.3|2.7
"HOM5186","Mini Blender (yellow)",46.36,18.2|17.9|14.5
"DLI5197","Smoked Cucumber Salad",1.05,17.4|12.2|8.2
"HOM5215","Ultra Machine",32.31,14.5|12.4|4.8
"PET5221","Guinea Pig",0.48,10.0|8.6|6.5
"TOY5221","Handmade Fidget Toy",2.07,8.2|4.8|2.5
"HOM5251","Toy Bicycle (azure)",47.61,11.7|11.6|0.9
"HOM5252","Vintage Toaster (orange)",29.69,19.9|11.8|8.1
"CMP5254","Wireless Monitor",116.00,12.2|11.4|7.9
"BKY5266","Raspberry Hamentash",1.13,19.5|17.3|9.4
"HOM5271","Mechanical Radio",22.30,11.0|6.4|5.4
"TOY5275","Automatic Hebrew Blocks",2.78,14.5|13.2|0.9
"HOM5275","Manual Toaster",19.87,12.7|8.2|6.9
"PET5280","Vegan Senior Cat Food, Salmon & Salmon",1.64,19.0|16.8|6.9
"PET5288","Gluten-free Adult Cat Food, Tuna & Tuna",1.52,12.9|1.3|0.4
"HOM5290","Automatic Radio",20.87,8.9|8.6|5.7
"TOY5294","Star Wars Silly Bandz",6.42,16.7|14.5|1.4
"PET5298","Dry Adult Cat Food, Duck & Duck",1.21,17.4|12.4|1.4
"HOM5322","Toy Timer (orange)",5.45,19.4|10.1|0.9
"HOM5332","Handmade Radio",41.41,16.3|13.8|3.5
"HOM5333","Toy Widget (green)",3.80,15.6|15.3|4.5
"HOM5336","Handmade Machine (magenta)",51.66,16.8|4.7|2.2
"HOM5339","Mini Widget (amber)",4.22,12.0|3.6|3.1
"CMP5352","Womens Webcam",28.35,11.6|1.3|0.3
"CMP5361","Cellular Modem",78.49,16.2|6.2|4.1
"TOY5365","Transformers Toy Soldier",11.49,14.4|12.1|10.2
"COL5379","Noah's Action Figure (magenta)",14.99,12.2|6.1|5.8
"COL5404","Noah's Lunchbox (yellow)",8.48,11.8|7.9|2.0
"COL5420","Noah's Jersey (mauve)",9.92,14.4|12.9|6.7
"HOM5424","Vintage Radio (puce)",32.21,15.2|4.4|1.0
"PET5427","Wet Cat Food, Tuna & Tuna",0.96,13.8|8.9|0.3
"COL5436","Noah's Jersey (magenta)",10.44,17.4|10.3|4.0
"TOY5441","Transformers Slinky",3.50,19.3|17.0|0.1
"TOY5443","Super Blocks",4.02,18.4|5.0|4.1
"HOM5444","Mini Toaster",19.59,19.7|4.3|1.8
"PET5445","Hedgehog",0.75,12.3|11.8|11.1
"COL5449","Noah's Action Figure (amber)",15.27,17.9|15.6|7.8
"TOY5455","Toy Airplane",7.95,9.4|7.3|4.4
"PET5469","Dry Cat Food, Turkey & Turkey",1.01,18.9|11.8|2.6
"COL5472","Noah's Jersey (yellow)",11.24,17.5|9.1|0.1
"TOY5487","Vintage Silly Bandz",4.49,9.3|7.8|3.0
"HOM5490","Mini Radio (yellow)",18.19,9.9|9.4|6.5
"HOM5500","Mini Blender (mauve)",45.15,13.7|12.9|4.0
"TOY5512","Automatic Train",11.18,18.7|9.6|2.5
"HOM5531","Mechanical Widget",5.53,16.6|8.3|1.8
"PET5541","Wet Cat Food, Turkey & Turkey",0.98,11.6|11.4|2.6
"HOM5552","Toy Toaster (azure)",13.48,19.2|18.4|18.0
"PET5556","Dry Cat Food, Chicken & Chicken",1.06,17.2|3.9|1.0
"DLI5556","Smoked Herring Sandwich",0.89,16.7|15.0|10.8
"DLI5558","Smoked Cabbage Sandwich",1.02,19.0|12.5|12.1
"PET5559","Gluten-free Cat Food, Salmon & Salmon",1.57,15.9|11.6|5.3
"CMP5583","Bluetooth Laptop",567.80,12.3|9.8|5.5
"TOY5586","Power Ball",2.72,13.5|7.3|2.5
"PET5601","Dry Cat Food, Salmon & Salmon",0.98,16.2|4.2|1.3
"HOM5601","Mini Widget (yellow)",4.82,18.0|17.9|4.2
"HOM5603","Handmade Widget",10.07,18.7|9.5|1.4
"TOY5607","Mini Silly Bandz",2.95,17.7|3.7|2.4
"TOY5614","Ultra Crayons",2.69,16.2|10.4|9.1
"PET5615","Adult Ferret Food",0.52,18.3|15.1|12.4
"HOM5617","Mini Toaster (mauve)",22.18,18.8|11.4|4.5
"PET5627","Senior Guinea Pig Food",0.54,4.8|4.4|3.6
"PET5634","Vegan Cat Food, Shrimp & Shrimp",1.65,19.1|14.4|4.8
"PET5636","Dry Adult Cat Food, Turkey & Turkey",0.93,15.0|7.7|2.1
"DLI5643","Smoked Whitefish Salad",1.10,2.1|1.5|1.4
"TOY5648","Electric Fidget Toy",1.04,17.8|14.6|1.1
"PET5651","Vegan Cat Food, Duck & Duck",1.69,14.9|9.8|9.0
"PET5662","Ferret",0.48,17.5|16.2|0.6
"COL5686","Noah's Poster (green)",3.59,14.4|14.1|12.7
"TOY5694","Jigsaw Puzzle (Noah's Ark)",1.10,19.2|11.7|4.9
"HOM5697","Toy Toaster (puce)",13.03,15.4|6.8|2.7
"HOM5700","Toy Timer (blue)",5.70,17.0|5.6|5.0
"HOM5708","Mini Radio",21.94,18.3|4.8|1.5
"COL5712","Noah's Gift Box (blue)",2.56,19.6|12.7|6.3
"HOM5713","Toy Toaster (orange)",14.64,13.0|10.8|6.3
"HOM5721","Vintage Bicycle (azure)",107.11,16.5|12.4|11.0
"HOM5731","Vintage Machine (green)",47.53,16.8|16.0|12.8
"PET5746","Cat",1.36,19.2|7.0|2.0
"HOM5757","Toy Crockpot (red)",44.94,9.3|5.3|3.6
"TOY5775","Tonka Hebrew Blocks",3.55,18.8|11.1|4.0
"DLI5776","Dilled Whitefish Salad",0.95,18.6|7.8|4.9
"HOM5777","Toy Bicycle (orange)",51.84,19.0|10.4|5.1
"PET5802","Gluten-free Senior Cat Food, Salmon & Salmon",1.44,18.3|5.0|4.2
"HOM5804","Mini Radio (green)",17.87,16.9|12.0|3.3
"TOY5807","Ultra Yoyo",4.88,12.9|12.4|9.0
"TOY5812","Power Airplane",12.49,5.4|4.8|1.8
"HOM5815","Manual Bicycle",71.54,17.4|17.4|6.7
"HOM5829","Mini Timer (puce)",5.94,18.9|18.0|11.5
"HOM5830","Vintage Widget (blue)",7.42,19.8|8.7|7.4
"HOM5834","Mini Bicycle (azure)",58.03,15.5|13.9|12.9
"PET5841","Rat Food",0.54,17.6|16.4|12.6
"TOY5850","Disney Ball",8.32,14.6|6.5|4.0
"TOY5862","Star Wars Yoyo",11.24,14.5|4.5|0.8
"HOM5862","Mini Timer (red)",6.38,19.5|8.0|1.3
"HOM5864","Mechanical Bicycle",74.59,18.0|14.9|8.5
"DLI5878","Broccoli Knish",1.10,14.0|4.8|2.1
"HOM5880","Mini Radio (white)",22.35,9.8|5.1|0.3
"HOM5896","Mini Machine (amber)",28.84,17.1|14.4|7.2
"DLI5908","Salted Beet Salad",1.05,7.4|4.9|1.1
"TOY5916","Handmade Ball",5.88,17.8|17.0|4.3
"TOY5929","Star Wars Doll",18.81,11.7|6.6|6.5
"HOM5930","Toy Mixer (yellow)",60.52,3.2|1.8|1.7
"TOY5938","Marvel Doll",13.62,18.9|14.9|1.9
"TOY5955","Power Fidget Toy",1.05,18.8|11.8|9.2
"HOM5971","Toy Toaster (blue)",14.17,17.2|15.1|7.5
"HOM5972","Toy Widget (azure)",3.67,2.7|1.8|1.3
"HOM5980","Mini Bicycle (puce)",75.64,13.1|5.4|4.5
"TOY6031","Electric Doll",12.25,20.0|9.8|2.3
"PET6037","Dry Senior Cat Food, Pumpkin & Pumpkin",0.97,14.1|12.8|7.9
"TOY6045","Super Yoyo",5.28,18.6|16.3|8.4
"HOM6046","Manual Radio",19.11,12.4|10.5|8.1
"HOM6055","Mini Machine (yellow)",27.97,19.4|18.8|13.0
"TOY6076","Toy Stickers",0.76,0.5|0.4|0.1
"TOY6079","Noah's Yoyo",5.28,8.1|7.9|4.9
"HOM6080","Toy Blender (puce)",33.06,17.4|11.2|0.5
"HOM6087","Toy Bicycle (green)",53.29,15.1|10.9|5.1
"HOM6090","Toy Mixer (red)",79.15,14.3|5.0|2.8
"HOM6125","Vintage Machine (purple)",37.97,11.6|10.7|7.5
"TOY6126","Handmade Blocks",7.56,16.8|11.8|9.5
"HOM6139","Mini Mixer (puce)",102.63,16.9|9.8|7.5
"TOY6152","Mini Board Game",14.08,11.1|9.2|8.4
"HOM6152","Mini Mixer (orange)",99.52,19.1|18.2|2.0
"CMP6161","Cellular Camera",85.66,18.5|13.1|0.4
"HOM6174","Mini Blender (orange)",47.90,10.1|9.2|0.4
"HOM6175","Mega Bicycle",76.33,14.9|10.2|0.5
"TOY6185","Mega Silly Bandz",3.38,16.3|9.2|3.7
"HOM6188","Toy Machine (green)",18.10,19.1|16.3|2.8
"TOY6202","Tonka Airplane",12.21,16.1|6.9|5.9
"HOM6206","Toy Bicycle (blue)",54.32,19.6|5.9|4.5
"HOM6233","Mini Machine (red)",32.25,11.6|7.9|1.2
"HOM6248","Toy Radio (purple)",15.10,10.7|9.1|8.6
"TOY6251","Toy Blocks",3.06,14.9|11.4|2.8
"HOM6258","Toy Radio (magenta)",14.88,16.6|12.6|5.3
"HOM6259","Mini Machine (magenta)",34.07,18.1|13.5|4.7
"TOY6260","Noah's Doll",9.24,18.3|6.4|0.7
"HOM6283","Toy Machine",23.94,13.0|10.5|5.3
"COL6303","Noah's Poster (white)",3.96,13.3|12.4|0.5
"TOY6312","Star Wars Toy Soldier",20.73,12.5|11.1|10.8
"HOM6312","Toy Blender",28.94,13.7|8.8|2.9
"DLI6332","Kasha Cabbage Roll",0.99,14.5|13.6|4.4
"HOM6341","Handmade Machine (green)",56.70,16.5|14.2|11.7
"HOM6344","Mini Timer (orange)",7.06,19.0|11.7|4.6
"TOY6346","Star Wars Blocks",7.79,9.0|5.7|0.8
"DLI6347","Smoked Beet Sandwich",0.90,14.0|13.7|5.2
"TOY6357","Electric Toy Soldier",12.36,17.9|4.5|3.4
"HOM6358","Mini Toaster (white)",19.86,15.0|13.5|1.3
"TOY6362","Handmade Yoyo",10.28,9.6|5.9|3.4
"HOM6372","Mega Toaster",17.04,19.6|10.4|5.3
"DLI6373","Salted Whitefish Salad",1.13,18.0|11.6|10.3
"TOY6383","Mechanical Hebrew Blocks",3.09,19.0|12.0|0.6
"COL6395","Noah's Action Figure (blue)",16.09,17.3|7.4|0.5
"TOY6398","Disney Slinky",8.31,8.1|8.0|6.0
"HOM6412","Toy Radio (blue)",12.83,17.9|13.6|3.0
"HOM6420","Vintage Widget (amber)",7.51,14.3|9.2|2.7
"HOM6436","Vintage Widget (puce)",7.47,14.7|10.5|4.2
"TOY6449","Super Stickers",1.03,15.4|3.8|2.3
"HOM6451","Toy Machine (orange)",21.77,18.7|12.1|2.8
"COL6454","Noah's Gift Box (green)",2.61,15.5|12.7|2.9
"CMP6456","Wireless Webcam",27.27,16.0|11.6|8.9
"HOM6458","Manual Crockpot",54.05,13.9|10.8|9.5
"HOM6460","Mini Crockpot (puce)",67.69,6.0|3.3|0.1
"HOM6462","Mini Widget",5.03,11.4|7.4|6.2
"HOM6463","Mechanical Timer",5.87,14.2|9.4|1.2
"TOY6469","Manual Ball",3.10,15.5|7.6|0.3
"DLI6472","Salted Herring Sandwich",0.78,11.0|1.6|1.6
"TOY6476","Disney Silly Bandz",8.45,9.4|1.6|0.3
"HOM6483","Mini Crockpot",72.34,18.8|15.8|15.3
"DLI6486","Dilled Herring Sandwich",1.13,18.8|8.3|8.2
"COL6487","Noah's Lunchbox (puce)",8.82,20.0|1.8|0.8
"PET6492","Dry Cat Food, Beef & Beef",1.02,16.1|15.8|13.8
"TOY6492","Ultra Doll",10.15,7.4|7.3|3.3
"HOM6504","Toy Crockpot (purple)",47.37,9.4|7.7|2.7
"TOY6536","Super Silly Bandz",2.62,19.0|13.3|6.5
"HOM6543","Toy Widget (puce)",3.46,19.0|14.6|13.1
"HOM6550","Mini Radio (azure)",18.56,7.6|7.4|7.0
"BKY6568","Caraway Puff",1.10,20.0|8.3|2.7
"CMP6571","Network Keyboard",45.83,16.7|9.9|4.6
"TOY6572","Tonka Yoyo",5.57,11.5|7.3|3.7
"PET6601","Wet Cat Food, Chicken & Chicken",1.08,11.3|3.2|1.6
"HOM6609","Mini Blender (white)",56.92,15.1|5.2|1.8
"HOM6646","Toy Crockpot (yellow)",42.35,19.7|11.9|6.0
"HOM6654","Vintage Blender (magenta)",77.04,17.2|5.4|2.3
"TOY6656","Mechanical Stickers",0.96,12.3|7.7|6.6
"CMP6658","Womens Modem",73.92,16.2|16.1|8.7
"TOY6672","Manual Airplane",12.29,19.5|12.5|9.3
"HOM6682","Toy Radio (yellow)",14.37,14.7|7.2|1.3
"COL6685","Noah's Lunchbox (purple)",8.94,13.7|5.7|5.3
"PET6722","Vegan Adult Cat Food, Beef & Beef",1.54,18.6|15.5|5.2
"CMP6724","Womens Monitor",109.53,19.2|15.5|6.8
"HOM6725","Toy Timer (green)",5.55,10.2|6.5|3.9
"TOY6735","Power Dreidel",3.01,17.9|17.4|12.5
"COL6738","Noah's Jewelry (blue)",30.06,19.3|9.5|4.6
"CMP6764","Womens Phone",367.39,11.1|11.0|6.7
"BKY6777","Sesame Bagel",0.99,19.7|19.3|2.3
"HOM6790","Vintage Bicycle (red)",109.01,14.0|10.0|8.9
"COL6796","Noah's Lunchbox (amber)",9.95,11.3|2.8|0.8
"HOM6804","Electric Radio",18.21,10.2|8.9|1.4
"HOM6841","Electric Mixer",108.09,15.7|15.3|7.4
"HOM6848","Mini Crockpot (mauve)",65.94,10.6|5.5|3.7
"TOY6849","Toy Doll",6.36,11.9|4.7|3.2
"HOM6863","Rug Cleaner",1.64,17.2|13.7|8.1
"TOY6864","Toy Fidget Toy",0.67,12.4|12.2|6.9
"TOY6865","Disney Blocks",13.32,7.5|4.8|1.4
"HOM6876","Toy Crockpot (azure)",52.88,18.9|13.2|3.3
"HOM6891","Toy Mixer (magenta)",73.81,9.8|8.0|4.9
"HOM6895","Vintage Toaster (white)",27.89,9.7|6.9|0.7
"COL6899","Noah's Action Figure (orange)",14.81,12.9|1.3|0.6
"HOM6912","Mini Crockpot (red)",67.39,15.0|13.2|2.9
"PET6950","Wet Senior Cat Food, Duck & Duck",1.05,18.5|7.2|6.3
"HOM6980","Mini Bicycle (red)",89.50,14.3|12.3|9.9
"PET6996","Wet Senior Cat Food, Shrimp & Shrimp",0.99,7.9|6.9|0.1
"HOM7002","Vintage Radio (azure)",34.58,15.8|11.5|2.5
"BKY7005","Caraway Twist",1.12,8.7|4.9|3.2
"COL7008","Noah's Jersey (red)",9.15,16.7|12.5|9.2
"TOY7034","Toy Yoyo",3.16,14.7|14.6|6.1
"TOY7036","Tonka Slinky",3.26,13.4|11.1|0.4
"PET7048","Fish",0.89,19.6|19.0|7.8
"PET7059","Vegan Adult Cat Food, Chicken & Chicken",1.70,7.8|7.2|7.1
"TOY7061","Mega Fidget Toy",0.97,10.0|8.0|5.6
"CMP7062","Network Modem",73.27,15.3|12.6|0.8
"DLI7078","Borscht Soup",0.93,19.3|18.5|12.0
"TOY7081","Mini Toy Soldier",11.59,15.4|15.2|0.3
"COL7086","Noah's Gift Box (amber)",2.87,16.3|15.1|4.0
"TOY7086","Lego Board Game",20.30,7.1|3.3|0.3
"HOM7098","Vintage Crockpot (purple)",99.71,19.4|6.5|2.6
"COL7106","Noah's Jersey (amber)",11.20,16.5|12.0|8.6
"TOY7107","Noah's Hebrew Blocks",3.12,18.6|6.8|1.1
"HOM7107","Mini Widget (purple)",6.41,6.9|6.6|5.0
"PET7115","Dry Adult Cat Food, Beef & Beef",0.97,8.9|8.5|8.1
"BKY7125","Raspberry Mandelbrot",0.92,15.2|6.6|6.4
"COL7133","Noah's Poster (red)",4.15,18.0|16.6|10.6
"HOM7133","Mini Toaster (amber)",20.36,17.6|14.7|1.0
"TOY7150","Star Wars Crayons",6.57,8.9|7.0|0.0
"PET7161","Vegan Adult Cat Food, Shrimp & Shrimp",1.58,17.1|11.3|1.6
"CMP7167","Cellular Keyboard",54.04,17.8|16.5|16.2
"PET7169","Vegan Cat Food, Pumpkin & Pumpkin",1.43,19.4|16.4|6.6
"CMP7197","Womens Router",86.76,11.5|6.5|2.7
"PET7200","Gluten-free Senior Cat Food, Shrimp & Shrimp",1.74,14.2|10.1|5.1
"TOY7205","Disney Fidget Toy",3.17,10.4|7.0|1.5
"HOM7212","Mini Timer (purple)",8.15,9.8|5.4|4.5
"HOM7227","Ultra Bicycle",63.41,19.4|5.6|5.3
"HOM7253","Mini Mixer (magenta)",110.38,19.7|18.9|7.6
"TOY7276","Mechanical Fidget Toy",0.90,17.8|9.4|1.3
"DLI7277","Smoked Egg Sandwich",1.07,16.8|6.3|1.3
"PET7299","Dry Senior Cat Food, Shrimp & Shrimp",1.06,17.5|8.9|2.8
"HOM7301","Ultra Toaster",20.50,17.1|16.5|13.8
"TOY7303","Mini Slinky",2.29,11.4|10.6|3.0
"TOY7306","Lego Fidget Toy",1.39,19.8|12.6|1.1
"CMP7379","Bluetooth Camera",73.20,12.4|6.6|3.5
"COL7392","Noah's Bobblehead (red)",3.92,14.9|14.5|6.5
"COL7410","Noah's Gift Box (mauve)",2.72,15.9|15.1|10.0
"HOM7410","Toy Timer (puce)",4.65,9.7|1.2|0.7
"HOM7419","Vintage Blender (azure)",65.85,20.0|11.7|7.3
"PET7424","Adult Bird Food",0.75,12.9|8.8|2.2
"HOM7443","Toy Crockpot",47.85,18.2|17.7|7.3
"HOM7444","Mini Crockpot (green)",71.51,12.8|12.0|9.1
"TOY7445","Manual Blocks",4.09,10.8|10.1|9.0
"HOM7455","Automatic Timer",7.47,14.2|11.8|5.1
"HOM7456","Vintage Timer (mauve)",12.53,16.8|16.3|0.5
"TOY7461","Disney Stickers",3.37,14.1|10.0|2.9
"TOY7480","Transformers Hebrew Blocks",4.33,17.2|17.0|14.4
"DLI7482","Dilled Beet Salad",0.91,12.0|11.9|2.2
"COL7486","Noah's Action Figure (white)",13.81,19.3|15.5|14.2
"CMP7487","Cellular Laptop",657.04,9.3|8.2|7.7
"HOM7489","Mini Blender",48.61,19.1|14.7|12.9
"HOM7496","Vintage Crockpot",104.46,19.8|14.9|2.2
"HOM7524","Mini Bicycle (white)",71.12,16.8|15.2|4.7
"HOM7525","Mini Radio (mauve)",21.50,7.1|7.0|6.5
"PET7558","Wet Adult Cat Food, Salmon & Salmon",0.79,18.0|15.7|3.7
"PET7564","Senior Hamster Food",0.47,5.0|3.6|2.3
"DLI7565","Coffee, Drip",1.42,16.6|7.4|7.4
"HOM7566","Vintage Bicycle (amber)",107.15,19.5|19.2|8.4
"HOM7575","Handmade Crockpot",126.54,20.0|17.7|11.2
"PET7582","Senior Snake Food",0.97,13.4|9.0|0.0
"TOY7616","Star Wars Board Game",25.09,17.3|5.2|1.1
"HOM7617","Vintage Mixer (magenta)",139.47,12.5|3.3|0.9
"TOY7622","Automatic Silly Bandz",2.62,17.7|2.3|0.4
"HOM7625","Vintage Crockpot (magenta)",86.85,19.0|18.1|6.8
"TOY7639","Disney Yoyo",15.57,15.2|6.7|6.1
"DLI7653","Dilled Egg Sandwich",1.08,17.3|8.2|4.8
"HOM7653","Vintage Timer (white)",7.95,16.7|16.7|5.8
"HOM7670","Toy Blender (orange)",38.03,18.9|18.5|0.2
"HOM7687","Mega Radio",18.71,11.1|9.6|7.9
"HOM7688","Handmade Machine",58.42,18.0|7.1|4.0
"TOY7702","Mega Yoyo",4.59,16.2|8.9|7.2
"BKY7704","Raspberry Babka",1.08,18.7|18.1|17.5
"HOM7704","Toy Crockpot (mauve)",46.93,17.8|15.2|2.6
"HOM7707","Vintage Machine (azure)",38.74,17.2|5.1|0.1
"HOM7716","Vintage Blender (orange)",78.76,15.2|11.4|10.7
"PET7723","Vegan Cat Food, Beef & Beef",1.48,19.7|18.4|12.5
"HOM7724","Mini Mixer (yellow)",104.80,19.8|15.7|1.6
"PET7728","Vegan Adult Cat Food, Tuna & Tuna",1.26,14.0|9.1|1.6
"HOM7736","Vintage Widget (yellow)",7.50,18.8|15.3|0.8
"HOM7742","Mini Bicycle (blue)",82.82,20.0|12.4|12.2
"PET7759","Dry Senior Cat Food, Turkey & Turkey",0.89,15.4|8.6|3.3
"TOY7772","Mechanical Blocks",3.45,18.3|12.5|4.2
"HOM7795","Toy Blender (azure)",36.39,10.6|7.9|5.3
"PET7801","Hamster",0.47,14.8|7.5|7.5
"HOM7801","Vintage Widget (magenta)",7.94,19.0|15.9|14.1
"TOY7809","Electric Slinky",3.35,18.8|1.4|1.3
"HOM7814","Vintage Mixer (purple)",156.87,14.2|13.0|12.9
"HOM7818","Super Widget",4.47,19.3|9.5|6.8
"HOM7820","Vintage Timer (azure)",9.63,19.5|17.7|0.1
"HOM7843","Mini Toaster (blue)",23.26,17.3|16.9|10.7
"PET7850","Vegan Cat Food, Chicken & Chicken",1.55,16.1|8.5|6.7
"PET7862","Lizard",0.84,14.7|12.5|9.1
"TOY7867","Lego Dreidel",3.56,17.0|1.4|1.3
"TOY7868","Super Slinky",3.11,14.7|8.3|3.3
"TOY7877","Marvel Crayons",5.24,12.9|11.6|9.8
"DLI7879","Dilled Herring Salad",1.04,8.9|2.4|0.6
"HOM7882","Toy Bicycle (magenta)",52.20,15.7|15.5|11.1
"HOM7886","Mini Mixer (amber)",102.39,15.1|1.8|1.2
"PET7892","Wet Adult Cat Food, Turkey & Turkey",1.02,17.7|11.0|8.8
"TOY7902","Transformers Train",16.01,16.8|6.3|1.9
"HOM7902","Toy Radio",14.56,16.6|10.1|3.8
"CMP7917","Wireless Router",78.57,9.5|7.5|5.7
"HOM7920","Toy Widget (white)",3.44,19.3|10.8|2.6
"TOY7930","Lego Silly Bandz",3.02,9.0|8.1|7.2
"HOM7933","Mini Bicycle (green)",81.82,18.9|3.9|1.3
"HOM7939","Vintage Crockpot (amber)",106.44,9.3|7.7|2.4
"PET7942","Gluten-free Adult Cat Food, Chicken & Chicken",1.40,17.1|0.8|0.4
"HOM7953","Vintage Blender (yellow)",79.64,20.0|15.8|9.5
"DLI7955","Salted Egg Sandwich",0.91,17.7|14.9|8.2
"HOM7960","Vintage Radio (white)",27.58,19.8|13.5|7.5
"TOY7978","Ultra Dreidel",3.42,15.6|9.1|4.0
"COL7989","Noah's Lunchbox (blue)",10.23,18.9|9.4|1.8
"HOM7997","Electric Crockpot",74.65,10.2|9.6|1.2
"HOM8000","Mini Widget (red)",4.81,18.1|7.1|1.7
"HOM8017","Vintage Mixer (yellow)",129.15,18.4|17.4|3.0
"HOM8026","Toy Bicycle (mauve)",50.30,6.6|2.8|0.3
"HOM8029","Toy Mixer (azure)",54.92,14.3|12.4|3.1
"TOY8051","Power Slinky",2.98,13.6|10.8|9.0
"HOM8053","Manual Timer",5.98,19.2|18.1|5.1
"HOM8056","Toy Toaster (mauve)",15.03,10.3|10.0|1.1
"TOY8072","Super Doll",10.15,19.8|19.6|15.1
"HOM8074","Toy Timer (red)",4.51,20.0|15.2|10.7
"HOM8079","Mini Machine (purple)",29.60,19.5|16.2|15.6
"DLI8083","Dilled Salmon Sandwich",0.85,13.6|9.5|8.2
"DLI8125","Smoked Salmon Salad",1.04,6.3|4.2|0.8
"PET8130","Vegan Senior Cat Food, Chicken & Chicken",1.56,17.4|4.4|3.5
"HOM8133","Vintage Mixer (white)",167.91,19.2|8.1|2.8
"HOM8151","Vintage Blender",74.00,18.4|13.3|9.5
"TOY8152","Noah's Crayons",3.17,17.8|16.7|15.3
"HOM8156","Handmade Radio (red)",40.47,14.1|13.4|4.6
"TOY8170","Mechanical Silly Bandz",3.27,17.8|11.8|7.4
"HOM8170","Toy Toaster (white)",14.74,13.5|8.2|2.8
"COL8172","Noah's Jewelry (puce)",29.27,18.5|6.4|1.0
"HOM8194","Toy Mixer (green)",58.37,17.1|15.6|3.3
"PET8199","Vegan Senior Cat Food, Duck & Duck",1.51,17.6|14.3|7.2
"HOM8201","Mega Timer",7.01,16.0|5.6|2.2
"TOY8221","Disney Board Game",53.14,17.3|16.9|12.7
"HOM8246","Super Radio",18.41,15.1|11.6|3.9
"TOY8248","Mini Yoyo",5.04,11.8|3.1|1.1
"DLI8271","Dilled Egg Salad",1.12,17.9|16.6|7.9
"TOY8309","Mini Hebrew Blocks",3.28,12.1|10.2|1.9
"TOY8340","Electric Board Game",15.29,14.2|7.7|3.4
"COL8344","Noah's Lunchbox (magenta)",8.25,19.7|13.8|7.0
"HOM8365","Handmade Machine (azure)",55.15,13.1|12.0|9.0
"PET8366","Gluten-free Senior Cat Food, Duck & Duck",1.40,17.2|15.6|14.3
"BKY8370","Sesame Puff",0.92,17.7|13.3|3.2
"HOM8376","Toy Bicycle (red)",57.25,10.2|4.0|0.0
"PET8392","Dry Senior Cat Food, Beef & Beef",0.97,18.0|13.2|4.3
"PET8409","Dry Cat Food, Shrimp & Shrimp",1.09,19.7|12.3|9.0
"HOM8427","Mini Bicycle (yellow)",72.62,9.9|5.2|0.1
"TOY8434","Automatic Ball",3.60,9.5|8.8|4.9
"HOM8434","Vintage Widget (green)",8.03,8.0|4.1|3.0
"HOM8443","Handmade Timer",13.26,18.7|18.6|11.9
"BKY8445","Poppyseed Hamentash",0.96,12.3|9.1|6.1
"CMP8454","Bluetooth Webcam",34.05,15.1|12.0|6.0
"HOM8476","Toy Widget (yellow)",3.72,19.9|10.5|1.8
"HOM8479","Vintage Machine (amber)",47.47,16.2|13.9|6.8
"TOY8482","Power Doll",11.87,13.3|7.6|4.0
"HOM8485","Vintage Timer (green)",9.85,9.3|6.9|6.7
"HOM8495","Vintage Crockpot (green)",96.94,11.6|5.7|0.1
"CMP8515","Network Monitor",146.01,15.2|13.2|7.2
"TOY8520","Noah's Toy Soldier",8.79,19.5|13.0|7.3
"HOM8527","Mini Crockpot (yellow)",68.10,19.2|3.3|2.3
"CMP8559","Cellular Phone",279.06,14.8|6.9|3.1
"TOY8560","Disney Dreidel",10.27,14.6|11.8|9.6
"TOY8564","Automatic Slinky",3.22,19.2|16.7|10.4
"TOY8575","Super Train",13.16,19.8|17.6|7.7
"HOM8586","Toy Machine (mauve)",22.34,17.2|14.2|11.3
"HOM8588","Mini Mixer (green)",93.94,12.1|10.4|1.7
"TOY8589","Manual Doll",11.16,14.0|10.4|6.6
"HOM8604","Mini Bicycle (purple)",74.39,5.9|5.1|4.3
"PET8608","Bird",0.76,17.1|17.1|8.5
"COL8611","Noah's Jewelry (orange)",29.55,12.4|7.6|6.7
"COL8624","Noah's Gift Box (azure)",3.41,14.6|5.1|2.3
"HOM8631","Mini Widget (magenta)",5.19,18.9|15.1|1.8
"DLI8637","Broccoli Latke",1.01,13.1|10.6|8.8
"PET8642","Gluten-free Senior Cat Food, Pumpkin & Pumpkin",1.49,12.1|7.6|5.3
"HOM8654","Vintage Blender (puce)",75.36,16.1|15.0|1.3
"TOY8656","Manual Fidget Toy",0.90,16.5|15.9|7.0
"PET8663","Vegan Adult Cat Food, Salmon & Salmon",1.57,13.3|6.6|0.0
"HOM8674","Mini Crockpot (blue)",75.14,12.3|6.1|2.5
"TOY8684","Marvel Slinky",4.47,16.9|8.5|3.6
"DLI8686","Salted Herring Salad",0.90,16.7|9.7|2.7
"HOM8697","Mini Bicycle (orange)",83.24,15.9|6.8|5.7
"HOM8752","Mega Machine",33.13,14.3|12.7|12.1
"HOM8754","Toy Toaster (amber)",13.88,17.7|17.5|13.7
"TOY8761","Star Wars Hebrew Blocks",4.91,19.6|12.1|4.8
"HOM8765","Vintage Machine (orange)",42.62,19.7|5.4|4.5
"TOY8775","Jigsaw Puzzle (Moses and the Burning Bush)",2.10,7.4|1.7|1.7
"PET8777","Gluten-free Adult Cat Food, Turkey & Turkey",1.37,6.1|3.5|1.7
"TOY8793","Handmade Silly Bandz",4.95,9.2|5.0|4.9
"COL8794","Noah's Gift Box (orange)",3.40,16.6|12.3|0.5
"PET8796","Wet Adult Cat Food, Tuna & Tuna",1.04,16.2|7.7|6.4
"TOY8810","Noah's Silly Bandz",3.12,14.4|10.9|8.7
"TOY8814","Toy Board Game",9.05,18.6|3.1|2.2
"HOM8826","Vintage Bicycle (mauve)",146.17,18.2|14.2|13.9
"DLI8835","Kasha Kugel",0.99,16.0|14.9|10.5
"TOY8852","Vintage Board Game",26.09,14.6|10.8|7.3
"HOM8857","Mini Crockpot (purple)",63.15,14.1|3.9|1.5
"COL8859","Noah's Action Figure (purple)",15.18,19.4|14.1|11.0
"TOY8868","Marvel Hebrew Blocks",5.00,17.9|8.8|1.9
"COL8880","Noah's Jewelry (purple)",27.43,10.0|9.2|5.3
"HOM8885","Toy Machine (amber)",19.99,5.5|0.5|0.1
"TOY8888","Super Ball",3.66,4.4|4.3|3.2
"HOM8908","Mechanical Blender",50.88,14.5|7.5|4.6
"TOY8909","Super Fidget Toy",1.20,16.0|15.9|5.7
"HOM8926","Electric Blender",62.10,14.4|8.8|7.0
"TOY8928","Mega Dreidel",3.05,16.1|6.6|4.7
"PET8933","Vegan Senior Cat Food, Turkey & Turkey",1.45,19.0|12.0|11.7
"CMP8933","Womens Printer",125.84,16.9|2.9|2.5
"PET8936","Senior Lizard Food",0.85,13.3|12.8|6.3
"TOY8938","Toy Train",8.37,17.8|17.2|11.6
"COL8941","Noah's Poster (purple)",3.72,14.5|11.3|2.3
"DLI8942","Smoked Beet Salad",0.97,13.7|12.2|8.9
"CMP8942","Wireless Keyboard",60.64,18.5|16.8|8.4
"PET8948","Snake",1.04,16.9|2.2|0.3
"TOY8952","Transformers Dreidel",3.87,18.5|7.2|4.6
"PET8976","Senior Rabbit Food",1.98,18.6|17.0|8.6
"TOY8981","Mechanical Toy Soldier",10.30,5.6|3.0|2.0
"PET8988","Hedgehog Food",0.80,20.0|6.7|3.2
"TOY9000","Lego Crayons",4.23,13.3|2.1|0.8
"HOM9003","Vintage Toaster (amber)",28.51,18.4|15.1|7.2
"COL9005","Noah's Jewelry (magenta)",33.49,15.6|13.2|4.4
"HOM9005","Mini Blender (amber)",50.41,18.3|12.3|7.1
"TOY9011","Marvel Blocks",5.86,18.1|17.4|7.6
"PET9015","Adult Fish Food",0.80,13.9|9.4|0.2
"HOM9016","Super Blender",45.59,19.4|12.8|9.4
"TOY9017","Mega Doll",9.79,12.0|1.1|0.9
"TOY9023","Tonka Ball",2.78,8.6|6.4|4.2
"HOM9039","Vintage Mixer (azure)",151.49,16.7|4.6|0.8
"HOM9040","Power Toaster",19.91,13.2|12.8|8.6
"PET9042","Dry Adult Cat Food, Shrimp & Shrimp",1.00,16.8|12.7|3.0
"HOM9053","Ultra Crockpot",66.96,19.6|15.6|7.3
"TOY9059","Disney Airplane",37.15,17.9|15.5|10.9
"HOM9071","Toy Timer (purple)",4.82,15.6|9.0|1.2
"HOM9075","Handmade Machine (purple)",62.45,11.1|6.3|0.7
"TOY9077","Marvel Ball",5.30,12.2|5.0|1.3
"HOM9082","Toy Toaster (magenta)",12.54,10.6|8.3|0.3
"HOM9107","Mini Toaster (azure)",21.19,16.2|6.1|0.5
"PET9115","Dog Food",0.82,15.3|7.2|1.5
"DLI9116","Smoked Cabbage Salad",0.82,8.3|5.2|3.1
"TOY9139","Ultra Fidget Toy",1.07,16.6|8.3|2.6
"COL9150","Noah's Bobblehead (blue)",3.90,18.9|4.5|1.3
"TOY9152","Ultra Slinky",2.94,12.8|11.6|1.0
"HOM9152","Mini Timer (blue)",7.68,9.2|9.0|0.9
"TOY9153","Automatic Fidget Toy",1.06,8.8|7.6|3.5
"BKY9158","Poppyseed Rugelach",1.03,18.2|17.5|10.9
"HOM9187","Vintage Toaster (magenta)",29.45,19.4|14.1|8.1
"HOM9189","Mini Timer (azure)",7.08,6.9|2.8|1.1
"TOY9195","Vintage Dreidel",4.58,7.1|3.7|1.6
"HOM9200","Toy Mixer (blue)",65.93,18.1|14.7|6.8
"DLI9201","Pickled Cabbage Sandwich",1.12,9.3|3.0|2.8
"BKY9228","Poppyseed Sufganiah",1.22,16.0|11.0|8.0
"HOM9235","Toy Mixer (purple)",70.04,19.1|6.1|3.6
"COL9236","Noah's Jewelry (azure)",26.60,19.6|6.6|5.6
"COL9268","Noah's Poster (mauve)",3.14,15.3|15.1|3.6
"HOM9286","Vintage Crockpot (puce)",84.98,11.9|6.4|0.4
"HOM9292","Vintage Mixer",132.54,10.1|9.2|4.6
"TOY9308","Mechanical Yoyo",5.16,7.6|7.6|2.6
"HOM9308","Vintage Crockpot (mauve)",99.25,19.3|9.2|1.8
"CMP9309","Womens Camera",100.28,10.2|3.9|3.4
"HOM9309","Handmade Machine (red)",56.11,16.0|13.9|1.7
"TOY9314","Electric Ball",2.86,17.4|8.3|3.5
"HOM9314","Automatic Mixer",105.91,18.5|11.0|6.8
"TOY9318","Transformers Board Game",19.37,16.3|15.7|10.9
"TOY9319","Marvel Dreidel",4.67,14.1|12.9|0.8
"TOY9323","Tonka Train",8.23,11.6|10.0|1.7
"DLI9327","Salted Salmon Sandwich",0.93,11.5|8.5|7.8
"BKY9336","Poppyseed Babka",0.93,18.8|16.4|9.3
"HOM9346","Mini Timer (white)",7.21,16.7|10.4|2.5
"CMP9363","Wireless Modem",72.25,19.4|18.9|0.5
"TOY9364","Tonka Fidget Toy",1.03,10.0|8.8|7.8
"HOM9372","Toy Widget (mauve)",3.74,14.8|6.9|5.2
"DLI9395","Pickled Egg Salad",0.95,17.6|8.8|7.5
"HOM9399","Toy Bicycle (yellow)",55.78,17.6|12.9|10.4
"HOM9400","Toy Blender (green)",33.69,18.5|5.2|4.0
"TOY9435","Tonka Board Game",17.25,6.3|1.5|0.4
"TOY9445","Automatic Yoyo",5.11,15.1|8.4|2.7
"HOM9475","Power Mixer",100.42,16.1|12.9|3.3
"HOM9476","Toy Widget (magenta)",3.72,15.0|14.4|3.2
"COL9483","Noah's Bobblehead (mauve)",5.49,18.6|17.8|17.4
"DLI9551","Smoked Whitefish Sandwich",0.81,7.6|4.6|3.6
"HOM9551","Toy Machine (purple)",23.13,14.4|3.2|3.1
"PET9555","Cat Food",1.17,17.5|10.7|2.6
"TOY9561","Handmade Doll",18.38,15.8|7.7|7.1
"COL9571","Noah's Lunchbox (azure)",9.92,17.3|15.0|6.0
"COL9592","Noah's Jewelry (mauve)",26.06,16.9|14.6|14.2
"HOM9597","Power Crockpot",64.62,15.7|12.6|9.3
"TOY9603","Toy Hebrew Blocks",2.27,19.9|4.0|1.1
"PET9625","Dry Senior Cat Food, Chicken & Chicken",1.02,18.9|8.6|4.7
"HOM9629","Power Bicycle",72.18,15.3|12.1|11.6
"TOY9633","Super Hebrew Blocks",3.14,15.8|6.7|1.2
"DLI9640","Kasha Seitan Meatball",1.00,12.1|1.5|0.2
"TOY9648","Disney Toy Soldier",24.64,8.3|7.7|3.1
"TOY9689","Star Wars Airplane",22.55,18.2|14.7|10.9
"TOY9719","Marvel Airplane",14.04,19.0|13.7|11.4
"PET9729","Adult Snake Food",1.12,15.5|15.3|10.1
"PET9750","Vegan Senior Cat Food, Shrimp & Shrimp",1.44,18.2|15.0|8.3
"PET9754","Gluten-free Cat Food, Beef & Beef",1.51,18.9|10.6|1.6
"HOM9756","Vintage Toaster (yellow)",29.45,12.6|6.1|3.5
"HOM9761","Power Machine",34.23,7.6|3.4|2.7
"HOM9774","Power Timer",7.92,20.0|5.9|1.3
"HOM9777","Mini Widget (white)",4.95,15.7|15.2|1.0
"TOY9810","Toy Slinky",2.05,18.6|17.1|15.1
"TOY9813","Disney Crayons",7.73,11.8|10.8|8.9
"PET9815","Hamster Food",0.47,19.1|14.4|2.7
"HOM9819","Mini Machine (puce)",29.60,18.3|10.1|5.9
"HOM9840","Vintage Blender (green)",72.46,18.4|12.8|5.8
"HOM9846","Handmade Mixer",185.53,18.4|12.1|11.4
"DLI9861","Pickled Cucumber Sandwich",1.15,11.4|6.5|5.2
"PET9863","Gluten-free Adult Cat Food, Duck & Duck",1.81,15.8|8.1|7.0
"TOY9874","Tonka Dreidel",2.87,15.6|14.9|0.7
"TOY9885","Noah's Board Game",15.48,18.3|17.1|4.1
"PET9887","Wet Senior Cat Food, Beef & Beef",1.02,8.3|6.3|5.0
"HOM9899","Mini Machine (green)",30.13,19.4|17.4|10.9
"TOY9904","Mini Dreidel",3.41,6.4|1.5|1.2
"TOY9912","Star Wars Train",20.42,13.6|4.3|1.5
"HOM9920","Vintage Bicycle (orange)",113.38,17.9|7.4|0.3
"TOY9923","Lego Toy Soldier",13.44,12.7|11.2|7.9
"TOY9941","Mini Airplane",12.07,16.7|4.5|4.3
"TOY9947","Marvel Toy Soldier",16.01,17.3|14.5|1.8
"DLI9950","Pickled Herring Salad",1.08,17.3|8.5|5.1
"PET9954","Vegan Cat Food, Turkey & Turkey",1.64,13.5|4.2|2.0
"TOY9970","Electric Train",11.37,15.6|3.0|0.7
"PET9985","Dry Cat Food, Pumpkin & Pumpkin",1.01,15.7|2.5|2.2
"TOY9997","Noah's Ball",3.08,15.9|9.2|1.5
"HOM9997","Handmade Machine (mauve)",59.77,16.8|10.7|10.3
